,variety,region,quality_category,sugar_content_brix,acidity_ph,cluster_weight_g,berry_size_mm,sun_exposure_hours,soil_moisture_percent,rainfall_mm,day_of_year,month
331,0.0,0.0,2,24.38,2.88,272.68,11.98,7.9,58.7,717.0,256.0,9.0
409,6.0,6.0,3,27.37,3.44,62.11,18.32,9.2,67.6,558.3,266.0,9.0
76,3.0,0.0,2,17.69,3.13,334.02,16.44,9.7,42.9,544.4,236.0,8.0
868,4.0,3.0,2,12.63,3.2,247.45,18.95,10.9,53.1,414.7,227.0,8.0
138,4.0,7.0,3,19.61,3.06,206.43,19.98,10.1,55.5,601.4,270.0,9.0
543,1.0,3.0,2,15.13,3.66,152.79,14.25,11.0,40.7,793.5,221.0,8.0
673,6.0,4.0,2,26.12,3.08,83.48,11.69,7.9,32.5,516.7,225.0,8.0
920,5.0,1.0,3,23.91,3.26,334.03,24.28,6.7,67.4,588.7,220.0,8.0
63,0.0,3.0,2,18.36,3.44,237.09,13.8,8.0,52.9,667.1,262.0,9.0
141,0.0,4.0,2,16.96,3.56,326.23,12.02,6.8,44.5,279.5,269.0,9.0
716,2.0,5.0,2,11.16,3.71,151.99,18.94,7.1,33.6,334.0,254.0,9.0
376,3.0,7.0,2,18.91,3.23,278.26,15.74,9.5,59.7,516.4,226.0,8.0
363,1.0,0.0,3,22.63,3.48,129.22,17.85,10.2,48.8,709.8,241.0,8.0
139,0.0,4.0,3,21.85,4.0,70.54,18.35,11.6,62.1,275.8,242.0,8.0
884,7.0,4.0,2,13.2,2.9,315.85,11.65,8.9,67.7,262.8,250.0,9.0
1041,2.876080934331528,1.2478381313369438,1,14.191902444423489,3.7068877512556013,302.05748970595965,10.822046007580758,7.012391906566847,48.578675176727195,239.09048777788254,234.14121401497292,8.0
224,1.0,4.0,2,18.39,2.82,99.72,18.75,8.4,34.2,737.1,233.0,8.0
514,1.0,7.0,2,13.92,3.68,305.76,18.26,6.6,50.3,565.7,214.0,8.0
266,3.0,2.0,2,17.85,3.63,192.28,19.72,7.7,69.3,314.9,256.0,9.0
1169,3.5685384805207967,5.862923038958407,4,27.457497952640963,3.6483071780951417,124.17495186248999,22.088381549091647,10.437902565368054,35.75796941299965,387.34735606794163,224.3385643809717,8.189512826840266
486,2.0,2.0,2,17.92,3.48,156.48,10.38,7.4,68.0,452.5,259.0,9.0
352,0.0,2.0,2,18.77,3.66,322.35,16.21,7.7,31.5,497.8,239.0,8.0
1005,1.0802180051324708,0.0,1,12.792270286946179,4.0559890997433765,150.87697599288606,14.997102948297966,6.684228905389094,59.90529673635736,532.6807630179636,251.91705693071165,8.959890997433764
617,7.0,4.0,3,23.24,3.18,303.54,23.13,7.5,44.9,646.7,220.0,8.0
667,3.0,4.0,4,28.61,3.71,98.2,22.58,11.0,59.8,615.7,246.0,9.0
774,1.0,2.0,2,25.74,3.57,247.6,15.06,6.2,47.2,400.5,264.0,9.0
553,3.0,7.0,3,27.68,4.13,201.65,23.29,9.7,30.3,478.9,267.0,9.0
575,6.0,2.0,2,11.91,3.7,161.44,14.69,6.8,58.3,301.2,250.0,9.0
914,3.0,5.0,2,18.97,3.11,339.72,12.49,9.1,41.7,201.4,219.0,8.0
465,4.0,0.0,2,10.96,3.08,261.54,15.94,9.0,32.2,430.1,271.0,9.0
590,0.0,7.0,3,23.85,3.95,335.43,18.63,7.9,48.2,315.2,269.0,9.0
764,5.0,3.0,2,13.0,2.99,197.85,18.08,11.2,61.7,595.7,235.0,8.0
634,1.0,3.0,2,28.54,3.8,78.13,12.06,7.1,55.6,600.4,248.0,9.0
837,5.0,7.0,2,16.77,2.86,85.59,16.2,8.5,54.8,615.1,258.0,9.0
289,7.0,4.0,2,11.57,3.07,111.04,22.05,10.3,48.1,705.5,246.0,9.0
39,2.0,1.0,3,16.31,3.15,205.61,18.67,11.5,64.7,598.2,246.0,9.0
30,5.0,2.0,2,10.74,3.08,109.7,20.07,7.8,54.9,600.0,241.0,8.0
242,3.0,2.0,3,25.42,3.62,212.27,21.34,9.0,51.8,271.9,254.0,9.0
428,0.0,0.0,3,22.78,3.24,309.33,12.69,10.1,40.7,598.2,232.0,8.0
136,0.0,2.0,3,27.02,2.91,272.86,20.93,9.6,46.4,720.1,256.0,9.0
1100,0.022564700824812878,2.0169235256186098,4,24.511564409172717,3.0116923525618606,343.9813812052986,21.90362547201699,11.797179412396899,64.7414829767057,469.7251934116975,231.90974119670074,8.0
864,3.0,7.0,3,29.69,3.41,81.76,14.71,10.3,51.3,389.8,244.0,9.0
3,4.0,4.0,2,24.64,3.15,237.46,12.31,8.0,54.5,660.1,256.0,9.0
832,2.0,7.0,3,21.65,2.97,297.09,19.68,10.9,50.5,323.7,252.0,9.0
602,3.0,6.0,2,14.53,3.85,105.58,23.64,6.8,44.6,548.1,268.0,9.0
1033,1.0,6.0,1,14.63,3.33,125.93,10.67,6.7,30.8,251.5,227.0,8.0
654,6.0,6.0,2,11.75,3.87,59.14,15.75,6.8,39.6,651.4,265.0,9.0
843,4.0,1.0,2,22.26,4.13,172.32,10.65,6.1,33.4,478.8,241.0,8.0
783,3.0,0.0,2,22.74,3.91,297.97,14.37,6.6,42.6,207.8,223.0,8.0
1073,2.9805940884868694,1.5844752707894956,1,12.325045536993414,3.8975912847440766,145.23230404406965,14.055022557739457,6.75844752707895,58.80057026620392,506.65227684967067,239.92807901598667,8.603881182302626
442,0.0,7.0,2,23.45,3.87,113.49,13.37,6.8,58.9,280.5,222.0,8.0
1177,5.288903319768773,2.4221933604624546,4,27.81304001941888,3.5221470898836236,153.54157966845295,23.051785859070513,10.552593554651251,52.27347186978022,356.32344346683647,249.57058202327534,8.762967773256257
435,7.0,6.0,2,10.6,3.35,166.77,14.21,10.4,52.5,738.0,257.0,9.0
1168,4.0,5.0,4,26.55,3.31,321.31,20.78,11.3,36.8,562.3,216.0,8.0
100,4.0,1.0,2,11.16,4.08,77.79,19.47,8.7,44.1,205.5,239.0,8.0
772,0.0,4.0,2,27.84,3.93,153.19,13.52,7.5,55.4,349.4,237.0,8.0
494,5.0,0.0,3,22.07,3.52,247.71,21.03,8.8,68.6,716.7,265.0,9.0
1027,2.0,3.2193485715843657,1,14.248908114164195,3.091283428742803,231.38313509759206,10.478323771398971,6.890325714207817,63.39415657234776,345.5620708537777,256.0325714207817,8.780651428415634
806,7.0,7.0,2,23.23,3.86,179.37,11.17,8.1,59.6,631.7,235.0,8.0
1141,0.0,1.7628648693422009,4,29.870514594773688,3.3829972957302297,216.63924162918832,22.20351189050392,10.920583790947521,44.568643119221036,397.5643999006032,238.0312972211826,8.2371351306578
845,5.0,2.0,2,14.81,3.3,246.92,15.88,7.4,37.7,568.7,239.0,8.0
986,3.0,6.0,3,24.56,2.87,78.61,20.92,9.4,47.2,670.4,219.0,8.0
227,6.0,5.0,3,15.48,3.64,156.28,19.61,11.3,69.4,266.0,246.0,9.0
1192,3.134071168583972,6.731857662832056,4,28.96877836909155,3.448938077905598,266.88071728348893,22.323349677842153,10.331283272669594,37.828985712019744,391.10242364299677,237.56416363347967,8.044690389527991
671,6.0,3.0,3,27.56,3.35,64.88,23.19,7.7,62.3,536.8,233.0,8.0
858,1.0,2.0,3,26.84,2.85,170.96,23.76,6.1,66.4,281.8,237.0,8.0
924,0.0,6.0,2,25.88,3.32,347.1,10.74,7.5,54.6,764.2,264.0,9.0
66,3.0,3.0,2,14.78,3.08,54.53,11.89,8.8,49.5,220.6,258.0,9.0
67,0.0,2.0,2,12.21,3.16,339.5,24.69,8.0,43.4,498.5,273.0,9.0
816,0.0,6.0,2,15.91,3.5,157.76,23.64,6.7,39.4,352.1,232.0,8.0
211,4.0,7.0,2,19.03,3.93,252.09,18.78,7.3,34.9,302.5,229.0,8.0
12,2.0,0.0,3,28.88,4.07,142.03,20.46,9.2,69.2,367.8,244.0,9.0
493,6.0,6.0,2,11.46,3.34,314.87,21.94,7.6,38.7,541.7,222.0,8.0
1164,5.0,4.0,4,27.46,4.07,125.14,21.4,11.1,64.9,698.7,237.0,8.0
299,7.0,6.0,2,24.13,3.27,291.14,18.94,6.2,42.5,583.6,261.0,9.0
410,2.0,7.0,2,14.12,3.76,173.36,11.15,10.1,31.9,454.5,218.0,8.0
756,1.0,4.0,3,29.19,3.46,105.39,10.15,9.8,63.5,357.2,267.0,9.0
1074,1.0578248456203543,0.034694907372212924,1,12.84185039505985,4.056993108027741,152.57347654211964,15.138597410535827,6.61156496912407,60.924286435160546,532.3653050926278,253.18503950598515,9.0
695,3.0,5.0,2,11.36,3.53,59.03,23.2,7.9,59.6,606.9,240.0,8.0
1150,1.0,3.0,4,29.52,4.08,131.49,22.92,11.5,30.1,348.3,223.0,8.0
723,0.0,6.0,2,12.02,3.44,105.72,16.28,6.8,47.1,648.9,229.0,8.0
1015,1.8401208657818895,3.680241731563779,1,13.448145038938268,3.7741329523600786,283.76939061387225,10.334796374026544,6.723830787905355,67.77616921209464,325.566368969325,219.877824415926,8.0
527,1.0,4.0,2,16.15,4.14,277.79,23.7,6.5,63.4,528.6,232.0,8.0
599,6.0,3.0,3,27.88,2.99,248.5,14.04,10.3,53.3,368.6,271.0,9.0
1119,1.5466503239422138,4.273325161971107,4,27.967122955703307,3.317332516197111,68.59321814042414,22.040221817537144,10.800657678168218,51.984873402130994,500.3873037999383,228.83312904927766,8.273325161971107
566,1.0,3.0,3,23.35,3.13,222.29,13.84,10.2,57.9,751.9,216.0,8.0
730,2.0,0.0,2,16.13,3.85,95.14,11.81,10.9,48.4,516.5,264.0,9.0
273,7.0,1.0,2,10.79,3.71,210.7,17.16,10.7,52.0,214.1,237.0,8.0
966,5.0,4.0,3,13.69,3.82,141.93,24.51,11.4,63.7,364.9,217.0,8.0
237,6.0,5.0,3,19.46,3.06,337.96,21.5,10.0,56.0,721.3,256.0,9.0
405,3.0,5.0,3,19.49,3.65,292.0,20.26,11.4,65.5,330.1,252.0,9.0
2,5.0,4.0,4,27.46,4.07,125.14,21.4,11.1,64.9,698.7,237.0,8.0
6,5.0,7.0,3,23.85,3.43,321.83,15.42,10.7,50.7,520.1,223.0,8.0
311,4.0,6.0,3,27.9,4.02,247.02,24.11,9.7,51.0,516.0,232.0,8.0
1090,6.809692590132067,5.4290777703962,1,12.38463363149963,3.152245927894347,93.85190513654682,10.353073411196618,7.6,47.69681004650394,479.6848749658911,245.51891488617008,8.190307409867934
451,6.0,3.0,2,22.36,4.15,252.44,18.68,7.4,69.9,462.3,269.0,9.0
721,2.0,1.0,2,12.43,3.9,300.37,10.82,8.5,33.0,758.5,237.0,8.0
215,5.0,4.0,3,14.42,3.23,85.27,22.3,9.6,62.1,567.0,221.0,8.0
1085,1.0,1.0,1,13.55,4.13,162.04,11.04,6.0,68.3,205.5,261.0,9.0
27,1.0,1.0,2,26.89,4.17,242.52,12.34,6.3,35.2,790.6,232.0,8.0
1157,5.349431906816682,6.650568093183318,4,27.23130677031899,3.414090894909331,303.37647782226344,24.23650568093183,11.344602334771677,58.94374785503629,580.1360824969955,229.50568093183318,8.0
361,0.0,0.0,2,14.21,3.39,131.58,19.07,7.4,48.6,472.3,242.0,8.0
822,6.0,7.0,3,22.3,3.69,291.71,15.66,10.3,69.0,447.1,266.0,9.0
780,0.0,0.0,2,10.77,2.87,169.86,11.02,9.9,44.2,473.3,271.0,9.0
628,4.0,2.0,2,11.93,3.49,287.78,19.69,9.3,52.2,740.7,223.0,8.0
453,6.0,1.0,3,21.41,3.29,161.94,22.06,8.5,42.8,562.4,231.0,8.0
738,5.0,2.0,2,17.36,4.15,276.16,15.62,6.2,39.5,599.2,239.0,8.0
535,6.0,6.0,2,12.44,3.97,88.9,18.82,6.6,40.0,620.8,232.0,8.0
1049,2.0818025824134736,1.6393991391955087,1,11.607012011541626,3.174540774724042,258.21064643237236,11.932219753107582,7.647579397436856,54.1953303883255,326.5170215768569,233.19699569597753,8.0
398,7.0,7.0,2,22.34,3.7,124.7,12.55,8.4,47.6,611.6,255.0,9.0
256,4.0,0.0,2,14.01,3.52,257.62,24.97,6.4,54.8,230.3,222.0,8.0
291,2.0,3.0,1,12.65,3.19,313.21,11.19,7.1,45.6,246.8,221.0,8.0
25,6.0,0.0,3,19.48,3.16,162.18,22.37,9.2,40.5,496.0,262.0,9.0
336,5.0,1.0,2,13.99,3.44,322.47,18.99,8.0,36.7,229.9,259.0,9.0
584,6.0,0.0,3,29.76,3.62,172.04,20.37,8.8,56.8,520.7,218.0,8.0
47,4.0,4.0,2,10.49,3.79,153.96,18.46,9.2,50.2,212.2,261.0,9.0
318,4.0,6.0,2,11.63,3.39,291.35,16.08,6.9,55.9,465.6,263.0,9.0
106,6.0,3.0,3,17.92,4.0,267.03,24.48,8.2,49.7,216.9,261.0,9.0
798,0.0,2.0,2,11.43,4.17,101.76,11.84,11.8,33.9,340.1,222.0,8.0
55,3.0,3.0,2,17.01,3.74,340.56,10.24,9.9,49.7,271.8,253.0,9.0
522,6.0,4.0,3,17.03,3.22,130.57,23.36,9.9,61.7,536.2,273.0,9.0
213,4.0,0.0,3,25.9,4.15,258.18,13.51,10.5,44.0,505.5,231.0,8.0
120,7.0,6.0,3,27.77,3.93,131.24,14.4,7.9,32.1,744.5,228.0,8.0
917,3.0,0.0,3,21.86,3.99,153.74,15.58,10.0,66.4,272.8,237.0,8.0
1067,5.23189382086659,2.539136292519954,1,12.97542060226773,3.839941521314937,120.34131591526818,12.149964024259521,7.446378764173318,62.67739540476397,529.86086370748,266.54206022677306,9.0
1117,6.0,1.0,4,26.175769942384697,3.620905029748558,198.2222258269537,23.272464670884048,10.9550706582319,63.538383227898755,317.4910742845133,269.76444310137725,9.0
72,0.0,6.0,2,10.84,3.09,143.87,18.91,8.9,36.8,573.9,269.0,9.0
947,7.0,6.0,2,12.95,3.51,230.73,21.12,6.0,39.1,637.3,247.0,9.0
746,2.0,7.0,2,10.38,3.61,249.06,12.85,10.0,57.2,302.8,262.0,9.0
715,7.0,5.0,3,29.9,3.22,143.56,14.81,7.8,46.6,772.5,271.0,9.0
557,6.0,1.0,3,18.22,3.22,196.35,20.19,10.4,32.1,504.7,218.0,8.0
1081,3.0,6.0,1,14.0,2.81,69.97,14.44,6.8,65.3,787.0,217.0,8.0
1045,1.8657946738573394,0.0,1,12.324852169054884,4.016710266307133,129.89029528790118,13.205988143605266,7.509084407550206,50.16414604416899,535.4302813585007,241.31177190292593,8.56710266307133
552,5.0,2.0,3,26.38,3.93,224.21,12.31,11.7,53.4,597.2,251.0,9.0
561,2.0,7.0,2,14.74,3.79,296.71,14.31,12.0,42.9,598.3,262.0,9.0
424,7.0,5.0,3,29.73,3.2,301.14,14.73,8.7,47.4,481.5,259.0,9.0
1013,3.920478702869712,3.69880324282572,1,12.858606408441556,3.3806967957792216,145.9417097413517,12.506994723973605,7.490359027152285,50.94053223523249,720.7715573285242,242.77340368035195,8.460239351434856
325,6.0,4.0,3,16.74,4.14,275.52,24.26,9.5,37.7,316.3,251.0,9.0
923,4.0,1.0,3,17.11,3.05,129.78,23.21,9.9,52.6,247.8,264.0,9.0
316,2.0,6.0,3,20.53,3.18,195.2,20.83,7.7,58.9,223.6,270.0,9.0
803,0.0,5.0,2,15.93,4.14,345.07,12.85,10.9,48.6,389.1,268.0,9.0
1162,3.695456829086601,4.6954568290866,4,28.716172001706173,3.254750376799289,198.9290984718962,22.879487009275795,11.86954568290866,57.222404004693985,298.22060683229074,245.19433359633456,8.67386420727165
528,1.0,0.0,3,26.06,2.81,340.33,18.58,8.6,44.6,584.3,272.0,9.0
836,2.0,0.0,2,12.56,4.19,329.77,15.66,11.3,44.7,563.4,263.0,9.0
714,7.0,0.0,2,11.16,2.8,347.03,17.69,10.1,64.3,243.4,217.0,8.0
900,5.0,7.0,2,21.08,2.98,179.39,10.09,9.8,39.2,546.2,220.0,8.0
60,2.0,4.0,3,27.47,2.89,139.19,14.41,11.6,46.1,766.0,247.0,9.0
722,3.0,2.0,2,16.07,3.89,330.65,13.06,10.8,63.1,203.2,229.0,8.0
92,1.0,5.0,3,22.15,3.09,169.71,17.18,11.0,43.5,613.6,216.0,8.0
857,2.0,4.0,2,19.21,2.85,215.2,24.07,6.1,41.0,338.8,240.0,8.0
618,4.0,0.0,2,21.16,3.98,288.78,14.54,9.3,50.1,782.7,230.0,8.0
351,0.0,5.0,3,21.57,4.08,177.46,18.98,12.0,50.7,225.3,268.0,9.0
932,0.0,4.0,3,21.21,2.91,236.83,24.42,7.5,47.1,558.0,240.0,8.0
280,3.0,6.0,3,22.36,3.16,185.39,12.44,11.9,63.1,542.2,265.0,9.0
420,1.0,4.0,2,16.32,3.02,279.31,11.48,7.2,69.5,317.7,262.0,9.0
1114,4.768062835688723,3.0,4,25.90452355530054,3.8414450268550975,73.67781175158119,22.19296334045976,11.8,49.9399477446958,426.17911004328255,257.0722513427549,9.0
359,2.0,2.0,2,21.85,3.0,247.85,12.77,9.0,56.9,725.2,264.0,9.0
422,6.0,1.0,3,10.83,3.86,278.69,18.99,11.8,32.3,434.2,230.0,8.0
678,1.0,0.0,2,13.47,2.96,290.43,20.19,10.3,52.2,244.1,244.0,9.0
526,2.0,2.0,3,15.7,3.09,341.92,21.25,9.8,31.0,551.2,218.0,8.0
477,7.0,5.0,3,25.25,3.91,210.78,15.37,10.2,34.7,207.7,239.0,8.0
1094,1.2828855908472678,1.9057048030509107,1,12.222178095047603,2.9348656772541806,249.41457035522842,10.77112705869803,7.8339933621356375,63.35624522495132,313.65445801264104,234.52852401525456,8.0
182,6.0,5.0,2,22.65,2.85,142.94,20.23,6.8,34.7,668.1,237.0,8.0
1091,1.0,2.0,1,12.44,2.85,246.3,10.36,7.9,66.6,309.1,235.0,8.0
432,5.0,0.0,3,19.78,4.18,277.02,17.13,10.1,65.3,316.1,214.0,8.0
110,7.0,4.0,3,26.32,3.0,241.31,18.46,11.8,69.1,632.2,228.0,8.0
370,3.0,2.0,3,29.43,3.71,115.61,13.03,8.3,56.6,604.5,255.0,9.0
239,7.0,1.0,2,13.71,3.14,217.06,14.97,8.2,65.8,460.4,244.0,9.0
708,7.0,5.0,3,22.39,2.82,134.48,22.3,9.9,56.5,522.4,267.0,9.0
629,4.0,0.0,2,19.01,3.34,238.2,17.66,6.5,58.0,650.4,271.0,9.0
593,3.0,7.0,2,12.08,3.53,223.79,14.68,11.8,64.2,736.9,263.0,9.0
485,6.0,2.0,3,17.33,4.17,227.85,21.13,11.9,49.7,607.2,251.0,9.0
700,1.0,3.0,3,29.32,3.53,233.44,13.75,7.8,52.8,798.0,228.0,8.0
261,6.0,1.0,4,25.95,3.64,202.34,23.25,11.0,64.1,314.2,271.0,9.0
479,3.0,5.0,2,18.71,3.91,170.57,18.63,7.8,35.1,468.0,257.0,9.0
649,5.0,6.0,3,24.17,3.44,349.87,12.53,9.5,64.4,555.1,215.0,8.0
339,3.0,0.0,1,10.61,3.39,246.24,13.24,6.0,41.5,520.2,267.0,9.0
668,5.0,2.0,2,12.33,3.83,57.49,20.07,6.3,36.1,722.6,260.0,9.0
551,3.0,3.0,2,22.03,2.96,91.14,10.3,8.3,50.9,445.4,239.0,8.0
458,2.0,0.0,3,14.31,3.48,259.14,16.24,11.9,31.6,335.1,219.0,8.0
183,2.0,7.0,3,28.64,3.23,124.99,14.73,11.6,68.8,662.7,227.0,8.0
137,0.0,6.0,2,19.9,3.82,271.38,14.85,6.5,67.3,575.8,260.0,9.0
1160,4.503386724511347,1.2494355459147757,4,26.930281695445068,3.5551919143889763,206.0067025249472,22.97063218857545,11.074830663774433,57.589732251624355,333.68091613594396,261.77088480115333,8.750564454085225
706,3.0,1.0,3,22.82,2.97,271.72,21.78,11.4,67.2,532.5,218.0,8.0
581,0.0,6.0,2,17.82,4.04,301.47,14.55,8.2,67.7,436.6,257.0,9.0
80,4.0,1.0,3,25.73,2.84,270.96,20.39,6.4,47.9,401.4,268.0,9.0
768,3.0,2.0,2,17.52,3.5,99.32,20.6,7.6,65.3,261.8,235.0,8.0
869,6.0,6.0,3,24.52,3.29,71.03,22.22,9.5,68.3,205.1,231.0,8.0
761,1.0,2.0,4,26.89,2.81,270.48,24.8,11.6,36.4,252.6,227.0,8.0
29,3.0,3.0,2,26.58,3.72,239.68,15.41,6.7,34.0,291.3,256.0,9.0
541,1.0,2.0,2,12.14,3.87,292.71,17.77,9.9,62.2,236.7,254.0,9.0
165,0.0,6.0,3,26.36,4.17,197.33,15.83,11.9,49.6,231.2,261.0,9.0
248,0.0,6.0,3,28.42,3.64,311.16,18.77,8.7,58.8,297.7,232.0,8.0
307,1.0,5.0,3,26.03,3.66,70.61,19.45,8.3,44.7,378.5,232.0,8.0
447,6.0,5.0,3,26.76,3.07,264.53,21.99,9.7,49.4,353.6,261.0,9.0
346,2.0,1.0,2,16.92,3.75,131.28,22.0,6.1,40.9,473.0,238.0,8.0
334,6.0,7.0,3,29.5,2.96,317.12,15.71,11.8,39.7,411.4,257.0,9.0
285,2.0,0.0,3,20.35,3.19,72.71,18.93,10.3,52.8,502.4,244.0,9.0
949,5.0,2.0,3,18.68,4.11,120.14,22.68,11.0,30.8,367.3,240.0,8.0
97,3.0,0.0,2,13.73,3.69,80.57,11.22,7.6,64.1,226.2,217.0,8.0
467,0.0,0.0,2,18.14,2.86,250.33,12.38,11.1,32.8,590.5,241.0,8.0
1036,7.0,0.0,1,14.32,3.17,133.24,12.94,6.6,51.8,657.2,245.0,9.0
912,5.0,6.0,3,29.93,3.82,51.91,18.02,10.3,38.0,522.5,213.0,8.0
755,6.0,5.0,3,26.03,3.21,107.18,22.99,8.3,48.0,649.0,258.0,9.0
944,5.0,3.0,4,25.77,3.86,80.07,21.91,11.8,52.7,428.8,258.0,9.0
613,1.0,4.0,2,16.49,3.84,289.32,11.64,7.5,31.5,438.3,227.0,8.0
801,6.0,3.0,2,24.75,4.07,331.49,11.06,6.6,34.4,273.8,260.0,9.0
757,2.0,4.0,3,19.76,4.05,152.63,21.67,8.6,52.9,729.0,222.0,8.0
688,4.0,4.0,2,22.13,3.49,69.85,18.16,6.9,51.7,383.7,266.0,9.0
65,1.0,1.0,2,24.75,3.9,130.22,11.54,6.2,61.8,560.6,242.0,8.0
793,3.0,2.0,3,23.6,3.16,271.66,14.46,11.5,42.7,591.4,220.0,8.0
743,5.0,1.0,3,10.22,3.0,66.68,24.91,11.9,64.5,380.7,264.0,9.0
567,7.0,7.0,2,11.91,3.19,250.16,13.31,10.4,52.4,233.1,248.0,9.0
1083,5.003313479391902,3.0,1,14.329900595618243,3.6188482507243265,148.50901730291397,11.396967535982435,7.240265078351352,44.80091435870265,271.55312057034433,269.40265078351354,9.0
1098,1.7492134099746286,1.2507865900253714,1,12.037743842907865,3.839090629630881,81.65372029903618,10.895173049805582,7.657677841645524,38.55988029371657,500.70900148188184,242.26022567032982,8.416928863341791
302,2.0,2.0,3,11.04,3.52,217.72,21.33,10.6,49.4,364.8,251.0,9.0
254,0.0,3.0,3,23.71,4.03,151.16,12.43,11.2,46.0,392.4,238.0,8.0
958,1.0,3.0,3,22.72,3.18,65.19,12.8,10.6,58.1,290.2,252.0,9.0
1023,7.0,3.0,1,14.27,4.13,104.53,11.98,7.4,33.3,219.2,271.0,9.0
312,3.0,4.0,3,20.95,3.49,262.63,11.87,11.6,56.8,382.0,256.0,9.0
529,1.0,7.0,2,20.78,4.2,181.92,12.71,7.8,63.7,355.7,262.0,9.0
221,2.0,6.0,2,13.02,3.56,98.41,19.2,8.8,58.3,346.8,248.0,9.0
388,0.0,2.0,3,29.4,3.79,61.69,11.47,9.4,41.2,371.8,214.0,8.0
235,3.0,7.0,2,17.37,3.63,120.26,14.74,6.0,63.7,484.1,267.0,9.0
809,5.0,6.0,2,11.97,3.81,65.83,22.89,8.5,42.7,212.5,242.0,8.0
482,5.0,0.0,2,20.89,4.12,133.1,18.3,8.7,54.9,463.7,244.0,9.0
712,0.0,3.0,3,25.62,3.29,261.87,13.85,8.7,58.4,342.2,247.0,9.0
305,5.0,2.0,3,27.42,3.36,155.16,11.2,9.2,47.7,748.2,233.0,8.0
1110,3.7864489508389862,4.213551049161014,4,27.66313963669118,3.574815503447162,72.12730838324117,20.811736300509285,11.678644895083899,41.11058748051232,509.8045325314976,251.3254692296144,9.0
1089,3.1947628584011483,1.3168577150406888,1,12.910232411468836,3.94587233136314,136.07204120742634,13.608549793384778,7.0389525716802295,61.82180040052848,531.0831422849593,260.02324114688366,9.0
771,5.0,1.0,3,25.7,3.18,320.72,16.05,10.3,64.8,625.3,261.0,9.0
916,1.0,7.0,3,27.72,3.84,268.51,14.92,11.9,45.2,608.3,262.0,9.0
1138,2.076025303044757,2.5695898787820974,4,29.184280105450036,3.94872491302854,138.84786102222006,23.034058682122744,11.306315445451943,36.340946757659594,347.26701570907704,230.9625872425312,8.215205060608952
249,2.0,7.0,3,22.33,2.96,239.43,24.54,8.9,33.4,687.4,238.0,8.0
759,4.0,1.0,3,20.96,2.89,299.28,24.83,7.9,41.5,317.9,227.0,8.0
594,3.0,7.0,3,24.49,3.0,196.89,16.41,8.2,60.0,270.5,236.0,8.0
71,1.0,6.0,3,14.67,3.53,233.0,20.15,10.4,42.2,459.5,269.0,9.0
94,6.0,6.0,2,14.61,3.2,106.56,14.98,6.3,38.2,414.0,226.0,8.0
545,7.0,7.0,2,19.67,3.48,96.48,22.18,6.5,33.4,228.0,224.0,8.0
33,1.0,0.0,2,12.41,4.16,80.41,24.89,9.6,39.3,552.1,248.0,9.0
861,0.0,0.0,3,23.12,3.2,233.55,22.12,9.1,66.4,318.9,271.0,9.0
578,1.0,0.0,3,22.14,3.3,272.49,24.65,11.5,44.8,750.0,259.0,9.0
448,4.0,0.0,3,28.89,2.88,227.95,15.01,9.3,32.5,590.5,246.0,9.0
445,2.0,4.0,2,13.54,3.22,244.85,24.67,7.2,51.6,624.8,263.0,9.0
259,2.0,1.0,3,21.64,3.41,318.7,16.01,11.3,38.6,466.7,257.0,9.0
204,3.0,3.0,3,19.77,3.84,253.08,11.62,11.9,33.6,760.4,246.0,9.0
572,0.0,0.0,3,24.74,3.25,302.03,13.59,10.9,33.1,288.9,255.0,9.0
823,4.0,7.0,3,25.49,3.11,148.45,15.9,10.4,68.6,636.5,259.0,9.0
585,4.0,6.0,2,12.73,3.67,148.47,24.48,6.3,46.4,605.1,234.0,8.0
365,4.0,0.0,3,12.63,2.86,240.91,20.0,11.9,53.3,423.9,251.0,9.0
811,2.0,4.0,4,25.29,3.7,187.38,22.81,11.9,32.1,233.9,265.0,9.0
77,3.0,4.0,2,23.59,3.43,81.77,14.14,7.4,51.8,582.4,233.0,8.0
84,4.0,0.0,3,28.89,3.55,260.34,13.28,7.2,39.7,588.9,242.0,8.0
538,5.0,0.0,2,13.63,3.85,252.2,11.22,9.2,48.4,442.8,261.0,9.0
82,5.0,3.0,3,18.35,3.45,110.79,19.38,11.0,45.1,459.7,264.0,9.0
457,7.0,7.0,2,23.53,3.68,257.27,12.1,8.3,46.2,442.8,272.0,9.0
1137,1.9718414362482792,4.542237845627581,4,28.18386994758179,3.8573212265754475,250.3358937760375,20.464158952955586,11.554223784562758,64.71021675403034,751.1152275192937,218.61624682217933,8.0
614,6.0,0.0,2,16.66,3.24,160.22,13.73,8.5,34.1,347.2,231.0,8.0
1185,4.373866301798535,3.0,4,26.133157544956852,3.8099093041438827,62.81375527756762,22.673883111805786,11.8,45.24900899140257,421.72468921032345,255.49546520719414,9.0
1075,3.7395486437882877,2.2604513562117123,1,13.71652421706849,3.0600961880713062,265.0433281790126,12.361095088566037,6.4520902712423425,67.26881244118108,686.7221418454925,247.63022567810586,9.0
736,3.0,3.0,3,19.0,4.19,248.57,17.69,9.8,67.8,748.8,271.0,9.0
436,7.0,0.0,2,16.16,3.34,118.66,15.25,7.3,52.1,326.4,272.0,9.0
554,0.0,7.0,2,14.56,2.9,93.22,16.88,11.0,60.4,578.4,242.0,8.0
1079,7.0,0.0,1,14.32,3.17,133.24,12.94,6.6,51.8,657.2,245.0,9.0
1061,2.7051397707680467,0.2948602292319533,1,11.741406671061906,3.9314968445075777,95.3617043128138,10.68486925043103,8.454283142306705,36.679891784156176,530.2789902424249,229.8331829800154,8.098286743077317
350,3.0,7.0,4,27.34,3.69,114.47,21.77,10.4,30.3,397.6,216.0,8.0
196,1.0,6.0,3,29.47,3.44,332.34,10.39,10.4,39.7,278.6,213.0,8.0
464,3.0,1.0,3,29.99,3.67,103.81,20.13,7.6,62.5,424.1,215.0,8.0
588,3.0,2.0,3,18.56,3.14,87.8,20.08,11.6,37.6,513.1,255.0,9.0
5,7.0,3.0,2,23.18,3.86,299.85,14.02,6.5,68.5,426.1,272.0,9.0
310,7.0,1.0,2,11.6,3.51,266.82,14.16,8.0,44.5,780.1,264.0,9.0
661,2.0,1.0,2,20.31,4.03,200.38,19.06,6.6,47.7,572.9,256.0,9.0
404,7.0,6.0,3,23.28,3.75,274.46,24.84,8.1,32.4,418.2,216.0,8.0
1195,0.6589456683596726,1.0,4,29.633530357247302,3.63023162994921,209.89502810876252,22.550922520840547,9.79884185025395,64.97515976480436,406.70247625774385,251.9884185025395,9.0
1043,2.4241053514806157,3.3638419727790767,1,12.89569510815152,3.9075894648519385,288.44655054168464,11.260911246499951,6.648436873018215,60.40851420849698,334.78591179374683,219.756684784624,8.0
1057,7.0,1.5260327339221502,1,14.983824239256135,3.7804130935688605,155.50481758792415,12.108312160012428,6.371095089911678,57.98043257238471,730.296967954871,231.26570539470066,8.236983633038925
104,1.0,0.0,3,29.9,3.91,127.61,14.44,7.9,35.1,357.0,246.0,9.0
536,7.0,4.0,2,13.62,3.84,126.94,16.4,6.9,56.8,673.4,233.0,8.0
605,2.0,2.0,3,20.38,3.52,104.85,23.45,9.6,34.7,602.2,245.0,9.0
62,5.0,2.0,3,25.37,3.93,229.71,21.48,9.0,49.7,606.3,230.0,8.0
281,3.0,2.0,3,24.05,3.31,105.03,21.02,8.9,52.5,232.1,235.0,8.0
1055,5.0,1.0,1,17.0,3.35,180.07,10.42,6.2,65.0,733.8,247.0,9.0
238,2.0,4.0,3,29.36,2.91,234.89,20.53,6.2,64.7,597.1,273.0,9.0
223,3.0,2.0,3,28.87,3.14,55.74,22.15,8.1,44.7,381.4,265.0,9.0
145,4.0,0.0,3,27.57,3.95,160.53,19.75,11.3,36.7,632.0,261.0,9.0
1118,3.9077250171417894,5.180793762856342,4,29.578154500342837,3.636571934885877,155.34061445310553,22.214876683343117,11.863465627142723,57.14184265941864,327.9459248800075,245.53486888284885,8.726931254285446
373,7.0,6.0,3,19.85,3.4,248.59,15.97,10.7,66.5,562.5,263.0,9.0
118,7.0,3.0,2,15.31,2.92,124.51,12.15,10.5,40.6,615.5,230.0,8.0
802,0.0,1.0,2,17.07,4.12,295.62,23.64,7.6,38.8,791.8,264.0,9.0
250,6.0,2.0,3,25.93,2.93,209.75,15.67,8.3,48.6,712.0,273.0,9.0
1156,2.0,4.0,4,25.29,3.7,187.38,22.81,11.9,32.1,233.9,265.0,9.0
9,1.0,5.0,2,19.79,3.48,65.55,10.85,8.6,40.1,324.9,213.0,8.0
449,6.0,7.0,3,23.66,3.28,66.0,20.96,6.8,52.1,269.8,254.0,9.0
873,0.0,0.0,3,26.81,3.39,298.19,13.56,11.0,43.6,735.2,245.0,9.0
389,0.0,4.0,2,19.08,3.76,250.05,10.66,11.2,52.6,454.3,229.0,8.0
965,0.0,4.0,3,21.76,3.78,286.21,13.24,11.4,35.1,218.6,267.0,9.0
460,1.0,3.0,2,17.88,4.19,132.59,16.04,10.8,40.6,487.7,215.0,8.0
1146,5.0865538701212625,6.9134461298787375,4,27.37326091013452,3.4561513807805984,301.7466339947518,24.239134461298786,11.160587709084883,65.30539634306545,571.3822438750381,232.1344612987874,8.0
144,7.0,7.0,3,15.34,3.46,130.66,23.78,8.4,61.3,760.2,244.0,9.0
501,5.0,0.0,2,19.58,3.87,290.79,17.71,6.3,33.2,699.7,225.0,8.0
1107,1.97385717217005,2.78954286886802,4,26.57255003077855,3.41266686312269,298.7862916126313,21.2507317044952,11.8,55.97816558179137,482.22745733632235,234.36862860660406,8.0
539,1.0,3.0,2,20.5,3.88,68.77,11.32,8.8,54.3,436.2,229.0,8.0
177,2.0,5.0,2,12.14,3.7,314.51,22.19,6.5,36.8,662.3,256.0,9.0
1158,2.323132782851734,4.661566391425867,4,28.460189317110853,3.3561566391425868,67.73132261103459,21.003617734892934,11.227723030568454,42.162370296925566,533.4654565494839,238.5391597856467,8.661566391425866
1050,2.0,3.0294710227946746,1,14.397012602220153,2.882418125074142,216.90687077786598,10.51440050566901,6.985264488602663,62.27387903448858,349.66342590763503,265.52644886026627,8.970528977205326
583,1.0,5.0,3,19.94,3.43,307.94,21.49,10.2,33.5,272.1,219.0,8.0
1194,5.8435991802340626,1.1564008197659374,4,28.01532728033706,3.5190809000114442,189.99923110782845,24.797978403187507,9.859432311511057,68.07487934418725,689.196446657415,258.5611124581534,8.968719836046812
7,5.0,3.0,3,26.98,3.89,53.65,16.13,11.1,32.9,200.1,213.0,8.0
573,1.0,0.0,3,27.26,3.47,346.84,21.37,9.9,65.3,647.8,216.0,8.0
842,0.0,5.0,2,18.79,4.09,192.68,15.28,6.6,34.8,240.3,268.0,9.0
357,7.0,1.0,3,18.43,2.89,164.84,19.38,11.9,48.3,767.5,263.0,9.0
329,7.0,3.0,3,19.96,2.87,251.35,22.22,9.1,32.1,544.1,238.0,8.0
704,5.0,1.0,3,18.79,3.88,334.15,16.23,11.5,48.4,229.5,265.0,9.0
829,7.0,4.0,2,15.86,2.84,116.37,17.55,9.2,46.2,257.0,270.0,9.0
258,7.0,5.0,2,11.28,3.24,167.56,15.32,8.5,63.5,632.2,231.0,8.0
890,4.0,6.0,2,11.98,3.27,275.72,14.74,10.3,48.4,290.3,223.0,8.0
833,3.0,1.0,2,24.96,3.2,165.38,12.34,8.6,66.7,725.9,224.0,8.0
1187,5.0,4.087934875703597,4,29.68170391320354,4.013585489868662,231.40779897061526,20.35724650093813,11.779481862335828,43.03572179338676,504.1433607530495,237.85344187382734,8.0
904,2.0,2.0,3,24.91,3.53,303.26,23.89,6.6,40.5,226.5,245.0,9.0
525,4.0,1.0,2,15.14,3.19,94.18,16.45,6.2,69.9,567.6,266.0,9.0
813,3.0,3.0,2,10.42,3.03,234.19,17.68,7.7,61.8,458.9,267.0,9.0
731,0.0,1.0,2,22.48,3.46,340.42,11.01,8.1,38.9,284.7,229.0,8.0
1031,3.257955045472193,3.0904539454333686,1,11.220368267821216,3.847922785274774,264.82548463251646,11.961140415073473,7.707704715460546,46.15495108533243,686.9995328541007,272.30318201818886,9.0
1140,3.747304815104048,2.252695184895952,4,27.51490146456582,3.589337361710077,150.6225310395945,19.93859575384568,11.667026024652793,33.497843852083236,256.9644235593734,267.9121746918401,9.0
440,0.0,4.0,3,29.4,3.58,152.57,23.11,8.8,40.8,583.6,260.0,9.0
531,7.0,6.0,2,22.21,3.96,289.49,12.98,6.8,66.1,271.6,222.0,8.0
959,4.0,1.0,3,25.71,3.93,61.82,21.24,10.9,68.2,223.2,243.0,8.0
228,0.0,0.0,3,29.68,3.22,81.6,16.99,6.9,61.2,768.5,237.0,8.0
1040,5.0,1.0,1,14.161620828275925,3.7125666825194985,208.5418436258526,10.32676856735213,7.287700047558496,48.99527072878214,686.821716993545,260.46676249358137,9.0
212,5.0,6.0,2,13.27,2.83,103.78,18.17,8.0,46.0,360.3,217.0,8.0
79,3.0,4.0,3,29.0,3.88,333.42,13.39,8.6,44.3,643.0,226.0,8.0
148,0.0,1.0,3,27.01,3.49,286.22,20.93,9.7,55.0,465.8,215.0,8.0
591,7.0,1.0,3,29.83,3.93,102.65,13.1,9.2,42.1,704.0,258.0,9.0
707,7.0,0.0,1,14.32,3.17,133.24,12.94,6.6,51.8,657.2,245.0,9.0
589,5.0,5.0,3,24.35,3.8,108.93,20.94,9.8,61.6,244.5,262.0,9.0
133,5.0,2.0,2,14.4,3.54,213.28,19.51,6.1,33.1,297.3,220.0,8.0
781,2.0,5.0,3,28.04,3.98,148.04,12.81,8.4,49.3,218.5,272.0,9.0
408,3.0,2.0,2,21.71,4.18,122.45,15.73,7.9,50.5,305.4,216.0,8.0
969,2.0,4.0,2,10.52,3.49,169.31,16.41,11.0,48.8,737.1,213.0,8.0
507,2.0,6.0,2,20.67,3.41,189.5,10.36,7.9,66.6,396.2,265.0,9.0
876,1.0,3.0,3,21.81,3.5,100.46,19.01,11.2,37.7,592.3,240.0,8.0
504,4.0,2.0,2,17.6,3.08,319.21,17.44,7.9,33.4,534.1,268.0,9.0
718,7.0,6.0,3,29.67,3.99,182.84,16.53,6.6,39.2,455.5,227.0,8.0
347,3.0,2.0,2,17.42,3.31,110.68,18.32,7.5,69.2,482.5,234.0,8.0
386,2.0,4.0,3,25.47,3.32,123.02,24.4,8.7,52.3,256.8,248.0,9.0
0,4.0,0.0,2,13.7,3.17,251.81,18.58,8.4,55.9,223.3,247.0,9.0
360,3.0,0.0,3,28.25,2.82,288.87,10.89,9.6,32.6,622.7,223.0,8.0
1133,4.0,3.0,4,26.35,3.78,52.51,23.13,11.8,40.8,417.5,254.0,9.0
475,7.0,5.0,3,23.35,4.02,290.84,17.26,8.5,67.0,498.3,225.0,8.0
777,7.0,1.0,2,18.75,3.03,219.98,14.62,6.9,48.1,682.0,271.0,9.0
753,1.0,2.0,3,14.82,3.28,257.32,17.63,10.7,33.5,455.2,261.0,9.0
172,2.0,1.0,2,22.64,3.04,97.85,16.66,6.1,32.2,427.0,234.0,8.0
450,6.0,5.0,2,19.94,3.18,186.43,16.3,7.7,63.6,521.8,246.0,9.0
125,7.0,5.0,3,21.02,3.74,232.02,20.15,9.7,61.5,489.2,265.0,9.0
930,4.0,5.0,2,21.6,3.63,331.56,16.36,6.5,42.8,693.1,266.0,9.0
530,0.0,0.0,2,16.23,3.75,133.51,14.03,9.3,52.2,250.8,216.0,8.0
90,7.0,7.0,3,28.85,3.89,185.08,21.01,6.2,46.8,254.6,247.0,9.0
1161,2.671977694186203,6.453296156977005,4,29.194192391825542,3.424692292395356,264.12024697156085,22.26359888470931,10.4093407686046,36.75307707604644,394.43758215534893,235.7813184627908,8.0
181,4.0,5.0,3,16.84,3.1,136.76,20.09,11.0,38.4,445.7,245.0,9.0
1026,3.7134179594893064,4.643291020255347,1,14.467194922430641,3.691789061265241,116.25214261115481,11.262429587821831,7.016565428607086,31.930590816453876,236.89276665141588,246.89839836958825,8.45223632658155
999,2.0,4.0,2,15.64,4.02,98.41,18.96,6.9,54.9,262.7,241.0,8.0
251,0.0,0.0,2,19.63,4.07,84.62,10.93,11.8,37.0,748.6,214.0,8.0
69,6.0,3.0,2,15.74,3.26,252.81,22.7,6.1,39.6,309.8,230.0,8.0
131,5.0,6.0,2,19.92,2.82,296.9,13.27,9.1,60.3,476.5,245.0,9.0
300,0.0,2.0,2,10.63,3.92,180.04,11.21,10.7,61.3,277.4,261.0,9.0
1132,1.4989156170013438,4.249457808500672,4,27.936811416795855,3.314945780850067,68.64620366512851,22.103947651303205,10.774403589350738,52.588717444933,498.35380528425725,228.2364452125168,8.249457808500672
326,2.0,4.0,1,13.64,3.95,290.9,10.33,6.5,68.0,328.7,217.0,8.0
1019,4.649530764345722,1.6495307643457222,1,12.392288843955575,3.872025025901561,107.73868197586786,11.158846716352935,8.095172053073235,50.890792520299975,533.9015641188475,249.64327428895535,8.549843588115241
499,3.0,2.0,3,27.27,3.37,271.23,16.29,9.8,61.2,601.3,245.0,9.0
665,5.0,0.0,3,27.03,3.21,181.45,20.64,10.7,60.3,366.5,218.0,8.0
918,3.0,1.0,2,17.83,3.39,251.33,21.4,7.7,54.6,268.3,256.0,9.0
495,4.0,3.0,3,23.36,3.49,113.37,19.15,8.0,35.2,247.0,254.0,9.0
338,3.0,0.0,2,11.44,2.97,229.15,15.75,11.5,48.4,592.5,228.0,8.0
963,4.0,6.0,3,17.68,4.17,224.98,21.23,10.6,55.7,481.1,230.0,8.0
164,1.0,3.0,2,13.22,3.46,66.85,19.11,6.9,40.2,626.7,265.0,9.0
28,7.0,3.0,3,16.38,3.16,251.44,21.07,10.4,58.8,430.1,247.0,9.0
516,7.0,2.0,3,22.95,2.83,75.53,17.82,10.8,63.8,371.1,249.0,9.0
193,4.0,5.0,3,22.42,3.58,148.02,20.95,11.6,67.5,305.8,253.0,9.0
1103,5.235671087009372,4.821644564953138,4,28.739800532415792,3.5100640847915936,173.26492814983655,22.256372413112185,11.764328912990628,66.54585252157,318.8624063692428,258.00640847915935,9.0
169,6.0,1.0,2,15.74,3.26,172.9,11.45,10.6,35.7,345.1,231.0,8.0
1058,0.42282951270374625,6.4926045847555045,1,10.732726676185045,3.519048223473635,313.30046099179134,14.762244441448699,6.743762034319273,65.77401977209009,758.4446962798656,271.1691318050815,9.0
173,3.0,2.0,2,15.2,4.0,98.14,17.98,6.2,63.5,649.8,244.0,9.0
518,7.0,7.0,2,14.87,3.76,71.31,12.94,6.7,69.2,672.2,237.0,8.0
968,6.0,4.0,3,16.69,4.13,226.51,24.36,11.6,56.4,452.2,248.0,9.0
701,7.0,0.0,2,18.65,4.17,253.55,11.1,8.1,59.8,650.5,240.0,8.0
491,5.0,2.0,3,17.47,3.08,232.05,20.42,10.5,42.0,438.4,219.0,8.0
73,1.0,1.0,2,10.36,4.03,131.33,19.05,6.5,48.4,244.7,229.0,8.0
980,3.0,3.0,3,13.72,3.41,299.71,24.66,9.9,37.8,320.2,223.0,8.0
587,2.0,4.0,2,18.09,3.76,278.73,11.96,8.8,32.0,638.4,243.0,8.0
234,3.0,6.0,2,23.03,3.73,167.31,10.31,9.0,45.1,403.1,219.0,8.0
214,2.0,6.0,3,23.87,3.82,118.88,19.57,8.4,60.9,288.5,229.0,8.0
946,5.0,4.0,2,18.8,3.52,248.52,19.35,8.0,35.5,575.0,273.0,9.0
132,0.0,0.0,2,11.62,3.58,329.81,19.93,6.6,51.6,602.8,213.0,8.0
1155,0.3663099748464975,2.6105166247441627,4,29.785980439789398,3.3170944654928363,223.4943817567953,22.148315498742324,11.177896675051167,37.82905534507164,392.5930479798772,234.24420664989768,8.0
732,0.0,2.0,3,20.54,2.88,184.01,20.86,9.9,67.3,200.5,235.0,8.0
940,3.0,2.0,2,11.17,3.17,277.18,15.13,8.5,62.5,418.1,214.0,8.0
185,5.0,7.0,4,28.74,4.11,210.67,19.49,11.6,62.1,753.3,268.0,9.0
41,4.0,6.0,3,25.81,3.59,341.2,14.34,9.6,35.1,436.9,256.0,9.0
108,6.0,0.0,3,23.92,3.19,226.84,23.36,10.6,37.8,728.9,240.0,8.0
848,4.0,4.0,3,27.74,3.59,264.43,21.45,7.9,54.0,271.1,230.0,8.0
568,4.0,1.0,3,22.48,3.92,283.11,12.07,11.0,45.5,692.4,254.0,9.0
650,4.0,1.0,2,10.72,3.09,280.83,10.8,10.5,33.6,243.3,266.0,9.0
1000,1.0,3.9893797877613144,1,14.195706034156444,3.6516992339581895,140.45069917278778,10.818785895705663,6.418513170286584,45.87965159179014,233.0022940474041,240.67221744322308,8.402124042447737
1165,3.278605495483937,4.278605495483937,4,26.621124551532898,3.02418891657549,233.4708895423499,23.410050647754797,11.508855780180642,48.248748576516476,237.1510547406189,235.65870088283896,8.455721099096788
483,6.0,4.0,2,10.12,3.01,326.39,18.55,10.4,30.4,497.8,254.0,9.0
468,5.0,7.0,4,27.42,3.47,301.21,24.24,11.1,67.4,568.5,233.0,8.0
24,3.0,5.0,4,28.89,3.39,66.98,20.1,11.6,33.6,562.3,247.0,9.0
660,7.0,1.0,2,22.01,3.46,202.96,17.67,7.1,52.9,223.0,246.0,9.0
679,1.0,6.0,3,23.9,3.52,167.63,19.47,7.1,51.1,232.1,254.0,9.0
752,1.0,6.0,2,10.24,3.16,144.16,20.13,6.6,42.2,276.9,222.0,8.0
993,3.0,4.0,2,12.71,3.36,65.39,19.73,9.0,33.3,388.9,233.0,8.0
366,6.0,1.0,2,24.32,2.97,147.35,11.2,9.7,44.3,495.9,236.0,8.0
839,5.0,4.0,2,14.49,3.32,255.16,14.11,9.8,68.7,721.5,235.0,8.0
1052,5.58388045008104,0.7080597749594804,1,12.337432630113454,3.7930926019643425,205.3204850908751,11.028238607609403,7.803701617431117,39.2673419832172,647.2163571730714,264.82567369886544,9.0
383,5.0,7.0,2,15.16,3.4,127.87,18.49,6.1,39.9,536.7,254.0,9.0
454,5.0,4.0,3,10.61,3.61,332.51,23.0,10.2,66.3,722.8,245.0,9.0
264,2.0,0.0,3,10.23,3.65,287.83,19.9,11.8,63.7,683.5,220.0,8.0
760,3.0,5.0,3,19.09,3.01,85.97,17.25,10.6,41.2,568.3,252.0,9.0
979,6.0,6.0,2,26.84,4.16,177.84,10.59,9.5,31.6,625.5,242.0,8.0
444,3.0,1.0,2,27.36,3.42,344.34,16.15,6.4,53.8,403.8,236.0,8.0
395,3.0,0.0,3,26.58,3.28,348.85,22.63,8.2,41.1,237.0,234.0,8.0
741,6.0,6.0,2,24.67,3.12,295.22,11.66,9.4,34.5,298.4,221.0,8.0
176,2.0,2.0,3,25.6,3.19,249.27,18.74,11.3,52.5,795.0,240.0,8.0
18,7.0,5.0,3,28.31,2.83,70.51,14.46,9.4,51.8,413.8,273.0,9.0
948,6.0,7.0,3,16.56,3.32,98.91,22.08,10.1,65.3,759.1,264.0,9.0
814,3.0,7.0,2,11.64,3.59,125.86,21.54,6.4,49.1,338.0,219.0,8.0
595,3.0,5.0,3,21.57,3.89,243.42,19.68,8.9,40.9,794.1,258.0,9.0
61,4.0,3.0,3,29.68,3.52,77.62,13.15,11.5,43.3,512.1,236.0,8.0
272,7.0,1.0,2,25.6,3.48,267.03,12.27,7.8,32.6,584.9,237.0,8.0
1125,5.0,7.0,4,27.42,3.47,301.21,24.24,11.1,67.4,568.5,233.0,8.0
278,0.0,3.0,2,12.85,3.69,150.09,11.9,11.6,63.7,655.0,270.0,9.0
841,7.0,0.0,2,18.64,3.86,59.8,24.3,6.9,36.7,463.7,233.0,8.0
368,2.0,4.0,2,13.59,3.28,107.28,12.45,10.6,50.1,313.4,248.0,9.0
886,0.0,6.0,2,10.19,3.51,324.93,15.14,9.4,38.3,326.0,259.0,9.0
1014,3.0,0.0,1,11.65,3.96,99.59,10.62,8.7,36.1,539.4,226.0,8.0
859,4.0,4.0,3,24.57,3.05,300.09,23.31,9.5,55.4,318.0,232.0,8.0
720,1.0,0.0,1,12.84,4.06,153.02,15.18,6.6,60.9,532.4,253.0,9.0
825,3.0,3.0,2,20.61,3.99,75.41,12.4,8.2,62.4,714.0,225.0,8.0
547,3.0,2.0,2,21.0,3.37,195.36,19.74,6.3,50.1,351.6,267.0,9.0
879,5.0,4.0,3,21.3,3.06,119.41,22.36,8.9,40.6,226.9,232.0,8.0
899,2.0,6.0,3,25.68,2.85,303.4,23.66,9.2,46.9,731.0,215.0,8.0
456,6.0,0.0,3,23.79,3.42,200.11,20.38,8.2,54.6,564.7,238.0,8.0
393,7.0,0.0,2,20.4,3.0,147.59,10.68,9.5,57.7,521.9,250.0,9.0
675,5.0,3.0,2,16.09,3.2,134.31,23.3,6.2,64.3,546.7,270.0,9.0
911,5.0,0.0,3,27.53,2.8,131.6,18.31,11.6,69.1,447.7,246.0,9.0
964,4.0,3.0,3,21.44,4.0,53.39,17.24,8.9,41.9,559.0,258.0,9.0
375,3.0,3.0,3,27.41,3.19,283.41,17.25,10.8,31.6,247.2,265.0,9.0
412,6.0,3.0,3,15.39,3.48,56.73,20.06,10.4,64.3,352.5,247.0,9.0
74,5.0,4.0,4,29.75,4.03,229.3,20.24,11.8,42.3,502.2,238.0,8.0
1121,5.809980313249668,1.9500984337516594,4,28.271632286270545,3.47,165.41777283228456,23.1649704698745,10.866027561450464,60.658161431352724,339.0915432673923,258.859881879498,9.0
862,1.0,1.0,1,13.55,4.13,162.04,11.04,6.0,68.3,205.5,261.0,9.0
500,4.0,1.0,3,20.38,3.96,135.96,18.99,9.1,38.0,525.7,254.0,9.0
941,5.0,5.0,2,16.68,3.64,319.39,16.51,7.4,64.7,584.6,245.0,9.0
616,0.0,2.0,4,29.88,3.3,217.04,22.13,11.3,38.0,392.3,234.0,8.0
114,4.0,2.0,3,21.86,3.72,109.78,19.01,7.7,40.8,510.3,232.0,8.0
417,1.0,2.0,1,12.44,2.85,246.3,10.36,7.9,66.6,309.1,235.0,8.0
601,7.0,2.0,2,16.47,2.88,221.26,21.75,7.9,53.9,306.0,253.0,9.0
604,4.0,7.0,2,11.39,2.8,115.61,21.27,6.2,50.9,392.1,221.0,8.0
89,1.0,6.0,1,14.63,3.33,125.93,10.67,6.7,30.8,251.5,227.0,8.0
1148,5.0,6.850135016362823,4,28.70767198210112,4.087734345288191,211.16605309583903,19.53581586642622,11.58929535831163,62.189918990182306,751.6065256848999,267.2506750818141,8.97859071662326
498,0.0,1.0,2,17.6,4.17,109.0,13.92,9.4,38.9,327.7,216.0,8.0
875,2.0,5.0,3,20.84,3.47,175.75,19.64,7.5,47.4,526.2,251.0,9.0
926,5.0,3.0,3,21.76,3.93,231.06,16.98,10.7,46.1,712.0,224.0,8.0
998,7.0,2.0,2,11.14,3.21,208.98,22.24,8.9,43.8,745.1,236.0,8.0
11,4.0,3.0,3,29.75,2.89,136.29,15.88,10.2,62.7,683.5,228.0,8.0
396,7.0,1.0,2,18.62,3.02,297.62,14.45,6.6,49.9,297.5,269.0,9.0
754,1.0,3.0,4,29.52,4.08,131.49,22.92,11.5,30.1,348.3,223.0,8.0
555,7.0,3.0,2,14.24,4.14,237.2,18.47,10.3,58.5,469.8,218.0,8.0
42,1.0,2.0,2,16.38,3.53,83.99,17.02,7.2,47.1,587.6,253.0,9.0
167,4.0,0.0,2,20.15,2.98,81.62,11.42,6.8,69.5,475.0,241.0,8.0
416,5.0,4.0,2,10.79,3.34,143.83,16.23,8.1,45.4,382.9,245.0,9.0
576,5.0,2.0,2,10.47,4.17,108.55,16.16,9.9,66.8,548.5,260.0,9.0
267,7.0,7.0,2,19.6,3.78,218.2,10.92,8.8,33.9,431.7,253.0,9.0
807,0.0,3.0,3,13.7,3.03,154.26,24.33,11.9,47.1,712.7,265.0,9.0
426,0.0,2.0,2,10.1,2.96,219.02,13.55,11.9,67.9,260.4,232.0,8.0
690,1.0,0.0,2,13.5,3.54,298.06,15.54,7.4,61.6,243.4,252.0,9.0
544,0.0,5.0,3,29.26,2.92,309.4,16.0,9.8,49.8,300.1,228.0,8.0
1122,4.958834577055686,6.958834577055686,4,27.395959393000524,3.4662127810891232,301.5631993288622,24.22081691290795,11.105763159212204,67.37941728852785,567.6824547003259,232.99176691541115,8.0
674,3.0,4.0,3,25.8,4.05,232.5,16.12,11.7,35.3,510.6,220.0,8.0
689,1.0,7.0,3,25.3,3.37,55.75,24.64,9.9,32.9,702.7,231.0,8.0
1054,5.433004586338074,2.4330045863380736,1,12.744852063852134,3.8302397553953025,111.60904265651008,11.414781498203771,7.807898318342706,57.91594112416473,531.2899847122064,260.8730657375124,8.811001528779357
1176,5.0,5.51971903720475,4,28.420682249454167,3.89007254267042,215.56972998685228,19.942543037197403,11.494265645514625,62.98816857767715,736.5728251204137,260.5985951860238,8.78853129102925
1032,6.378792768049423,4.757585536098847,1,11.805154937634596,3.4037847007678748,116.56432866468857,11.476352488847315,7.227275660829654,51.24388316743163,467.62727566082964,227.57585536098847,8.0
1034,1.4762687056673656,2.4762687056673656,1,13.383012037221384,2.85,231.23085815268456,10.436202992906779,7.471358164899371,64.45679082449685,328.7222706734955,250.2405985813557,8.476268705667366
257,6.0,1.0,3,19.83,3.4,111.88,16.78,9.3,56.5,226.3,236.0,8.0
335,7.0,0.0,3,23.01,3.34,274.99,10.82,11.7,59.8,340.4,264.0,9.0
15,5.0,0.0,3,28.5,3.38,150.21,13.9,7.3,60.1,719.4,225.0,8.0
901,3.0,3.0,2,10.1,3.87,163.71,17.26,9.3,38.0,332.7,260.0,9.0
324,6.0,3.0,3,29.52,3.95,284.59,22.15,6.3,33.3,240.8,232.0,8.0
607,7.0,4.0,3,26.01,3.19,135.71,12.74,11.3,51.5,574.9,225.0,8.0
1053,1.0545277411988334,2.054527741198833,1,12.54796492757369,2.85,244.57474226846892,10.368724438591812,7.85092503292105,66.35462516460524,311.346542937392,236.74488771836266,8.054527741198834
790,6.0,3.0,1,13.0,3.8,114.41,11.6,7.6,63.0,529.4,269.0,9.0
222,6.0,4.0,2,18.65,2.94,75.07,23.47,7.0,37.6,278.9,233.0,8.0
179,2.0,1.0,3,20.83,3.52,255.54,14.59,11.5,42.8,500.9,271.0,9.0
99,5.0,1.0,1,17.0,3.35,180.07,10.42,6.2,65.0,733.8,247.0,9.0
521,4.0,4.0,3,28.69,2.99,190.73,18.66,9.5,38.5,503.5,253.0,9.0
22,1.0,6.0,4,28.49,4.11,255.63,20.09,11.7,64.2,775.8,214.0,8.0
356,1.0,7.0,2,28.01,4.06,258.85,13.31,7.0,51.6,791.0,272.0,9.0
733,7.0,7.0,3,18.52,4.14,200.46,23.93,9.2,43.8,686.1,228.0,8.0
1093,1.0,0.0,1,12.84,4.06,153.02,15.18,6.6,60.9,532.4,253.0,9.0
1111,5.008792040065559,1.1652013266557404,4,28.27718654717902,3.4419157744685243,174.16474013703882,23.231934248814422,10.715640928659019,55.61425200756388,351.56182474080015,255.70476550695076,8.83479867334426
611,1.0,0.0,2,23.02,2.81,92.9,10.94,10.0,60.6,307.3,254.0,9.0
1009,1.5196004949024198,1.0,1,13.77342821280804,4.039069913392076,198.0067462571455,10.969853933188173,6.25980024745121,63.28585522419165,213.94350804216432,254.50499381371975,8.74019975254879
340,2.0,2.0,2,15.15,3.85,316.74,16.64,10.9,39.9,766.4,263.0,9.0
431,6.0,3.0,2,20.31,3.96,347.2,18.2,6.5,67.7,476.1,219.0,8.0
961,0.0,4.0,3,18.2,3.28,167.87,13.06,11.7,46.0,389.0,237.0,8.0
217,5.0,6.0,3,23.61,3.19,50.6,17.47,10.5,44.7,628.8,250.0,9.0
203,0.0,6.0,3,16.47,2.86,307.65,24.45,10.3,56.0,267.6,237.0,8.0
905,1.0,6.0,2,14.05,2.88,195.21,12.43,9.7,32.1,795.3,218.0,8.0
922,0.0,7.0,2,22.39,3.94,284.99,18.96,7.0,38.4,307.1,240.0,8.0
93,6.0,2.0,3,20.25,3.53,301.94,23.93,6.7,52.5,276.3,213.0,8.0
910,2.0,7.0,2,16.11,3.12,61.78,23.27,8.4,46.6,728.4,267.0,9.0
68,3.0,3.0,3,17.09,3.03,125.27,20.11,11.5,34.3,292.9,217.0,8.0
894,3.0,4.0,2,21.1,3.01,269.45,15.8,8.8,49.7,494.4,214.0,8.0
284,1.0,2.0,2,16.53,3.0,189.89,18.29,8.8,38.3,324.7,250.0,9.0
696,4.0,4.0,2,10.52,3.75,338.45,17.58,8.7,56.5,448.7,221.0,8.0
85,2.0,4.0,2,19.35,3.5,254.03,10.9,9.0,48.3,211.0,252.0,9.0
434,3.0,7.0,2,12.79,4.15,262.22,11.09,9.6,61.0,213.8,262.0,9.0
796,5.0,2.0,2,24.33,2.9,209.69,12.46,6.8,68.5,762.1,249.0,9.0
153,2.0,6.0,3,23.6,3.96,178.28,15.35,10.6,32.5,734.1,223.0,8.0
75,1.0,3.0,2,18.56,4.02,309.83,18.63,9.1,31.4,309.6,246.0,9.0
1042,5.0,1.0,1,15.08807177943138,3.5942244077368675,199.24859384756513,10.35719943801052,6.932673223210603,54.21923685847256,702.155494597523,256.07119228736934,9.0
580,6.0,7.0,2,14.64,2.97,194.95,24.02,6.2,65.3,603.1,262.0,9.0
446,2.0,5.0,2,23.85,3.16,291.32,12.71,8.1,68.8,534.5,221.0,8.0
703,7.0,1.0,2,20.12,2.82,304.43,18.93,7.5,42.1,413.2,214.0,8.0
188,4.0,1.0,3,16.02,3.9,298.57,20.4,11.6,35.4,501.2,220.0,8.0
271,7.0,0.0,3,27.2,3.34,52.99,24.32,6.8,67.1,778.3,264.0,9.0
236,6.0,4.0,3,27.29,4.05,115.87,10.85,10.2,55.8,567.9,223.0,8.0
487,3.0,4.0,3,23.91,4.01,65.6,15.32,10.0,45.3,776.9,260.0,9.0
1159,4.6751104485545225,1.529955820578191,4,28.37336554005099,3.6316365252763485,156.62040524721584,23.30956170754678,10.838480119260186,51.41564060161623,344.77189396938763,250.19581731930347,8.735022089710904
559,6.0,1.0,4,28.0,3.5,187.88,24.95,9.8,68.2,686.4,260.0,9.0
117,6.0,3.0,3,27.55,3.66,54.12,16.1,8.9,69.6,239.5,266.0,9.0
637,4.0,3.0,3,13.05,3.87,62.02,19.93,11.0,53.5,574.0,266.0,9.0
1127,1.0,2.0,4,26.89,2.81,270.48,24.8,11.6,36.4,252.6,227.0,8.0
750,7.0,7.0,2,20.71,3.34,318.67,15.12,7.5,41.5,295.0,221.0,8.0
512,4.0,3.0,3,29.11,3.43,342.6,11.37,11.2,63.8,213.5,243.0,8.0
633,0.0,2.0,3,25.91,3.03,155.37,22.92,7.1,51.0,790.2,234.0,8.0
785,0.0,5.0,3,27.9,3.14,81.34,15.65,11.5,65.0,493.5,222.0,8.0
1006,7.0,4.061656657550578,1,12.572748940453817,3.306904362554492,112.11213035304745,10.341059784655167,7.503082832877529,47.29826651504155,464.9632620968292,232.24662663020231,8.0
852,5.0,0.0,4,27.23,3.07,233.84,21.63,11.1,66.3,674.2,233.0,8.0
126,1.0,7.0,2,11.74,3.69,251.86,20.19,9.3,50.4,242.3,259.0,9.0
116,0.0,2.0,2,11.83,3.42,271.62,23.76,8.7,56.4,682.6,248.0,9.0
473,3.0,6.0,2,18.08,3.81,259.89,15.33,10.2,68.8,507.6,251.0,9.0
740,4.0,5.0,4,26.55,3.31,321.31,20.78,11.3,36.8,562.3,216.0,8.0
992,1.0,1.0,3,22.2,3.57,275.74,15.12,8.8,39.6,364.4,238.0,8.0
57,0.0,2.0,2,18.04,3.38,73.09,10.6,7.7,49.6,348.2,270.0,9.0
603,6.0,4.0,2,17.1,3.24,133.59,15.55,9.9,62.3,742.4,219.0,8.0
786,4.0,7.0,3,22.73,4.14,223.06,23.14,7.6,67.5,405.2,253.0,9.0
970,7.0,4.0,2,10.48,3.33,342.14,17.13,10.7,38.0,789.6,231.0,8.0
656,4.0,6.0,3,21.08,3.95,152.12,22.55,10.1,40.0,629.8,272.0,9.0
902,6.0,4.0,2,25.22,2.8,324.52,11.85,6.8,31.5,361.5,256.0,9.0
921,4.0,3.0,3,10.06,3.8,170.06,21.07,11.8,31.9,627.2,232.0,8.0
105,1.0,7.0,2,13.48,3.24,180.32,19.96,6.6,37.1,240.2,247.0,9.0
635,1.0,2.0,2,14.69,3.73,195.84,24.29,6.3,43.5,226.3,240.0,8.0
369,4.0,6.0,2,14.75,3.82,258.39,12.77,7.0,63.2,740.5,234.0,8.0
268,4.0,3.0,3,22.0,3.13,238.53,22.21,11.1,42.1,490.9,257.0,9.0
655,5.0,1.0,2,28.74,3.38,111.33,12.52,6.8,46.7,652.0,257.0,9.0
46,7.0,1.0,2,14.66,2.89,176.82,14.95,8.9,34.2,637.7,267.0,9.0
349,4.0,3.0,2,10.8,2.81,122.45,19.47,10.2,58.4,764.4,247.0,9.0
773,3.0,7.0,4,29.11,3.44,269.9,22.28,10.3,36.6,394.7,236.0,8.0
195,1.0,3.0,3,27.43,3.43,201.69,12.8,10.8,36.2,525.1,245.0,9.0
102,1.0,7.0,3,27.68,3.02,324.36,18.22,9.4,42.8,775.4,258.0,9.0
4,2.0,4.0,3,26.13,3.18,221.52,12.24,11.2,36.3,410.4,223.0,8.0
619,2.0,3.0,3,24.61,3.24,102.54,22.88,7.2,59.0,462.8,217.0,8.0
990,1.0,7.0,3,25.31,3.05,75.06,24.63,6.1,67.9,592.9,248.0,9.0
52,2.0,1.0,3,28.78,3.03,130.56,22.35,7.1,51.4,757.9,227.0,8.0
263,0.0,2.0,2,19.1,3.42,55.44,15.81,6.3,69.0,200.2,260.0,9.0
1092,7.0,0.6809983237293928,1,14.616234270822286,3.442399329491757,143.17576554321184,12.56885591356748,6.497850251440591,54.558043211104035,689.819819706638,238.87101508643548,8.659500838135303
443,7.0,1.0,3,18.88,3.97,348.69,15.99,11.7,31.3,586.9,230.0,8.0
971,4.0,3.0,3,26.63,3.03,213.26,23.47,7.2,54.1,582.2,217.0,8.0
782,7.0,5.0,3,19.23,4.17,53.24,18.33,9.6,50.1,727.5,241.0,8.0
846,1.0,5.0,2,12.43,3.9,341.35,24.22,7.3,46.7,699.3,267.0,9.0
691,6.0,0.0,2,20.05,3.63,207.42,15.36,6.9,38.7,728.7,272.0,9.0
304,1.0,6.0,3,24.18,4.1,116.03,22.43,8.6,45.3,224.4,265.0,9.0
341,3.0,5.0,2,19.25,2.9,223.64,10.73,11.7,55.8,437.8,254.0,9.0
866,5.0,6.0,2,10.86,3.52,173.95,15.34,10.4,45.7,316.2,224.0,8.0
313,4.0,3.0,4,26.35,3.78,52.51,23.13,11.8,40.8,417.5,254.0,9.0
149,7.0,4.0,3,27.35,3.96,186.3,21.7,6.8,67.8,570.7,247.0,9.0
124,5.0,0.0,3,23.1,4.18,269.82,21.88,11.5,62.1,446.0,219.0,8.0
1062,4.422294321939511,0.0,1,12.599381459894625,3.6790968714169465,111.55505098331615,11.444930706724916,7.953295480981756,41.682505213612586,581.2865677811186,232.7558980292127,8.355573580484878
574,4.0,5.0,3,14.33,3.12,316.86,21.4,9.9,33.1,205.0,267.0,9.0
697,1.0,2.0,2,12.7,3.24,250.36,17.62,8.4,44.2,613.7,244.0,9.0
664,0.0,1.0,4,29.84,3.65,215.35,22.44,9.7,65.7,414.5,251.0,9.0
50,4.0,6.0,3,27.49,3.44,111.6,24.02,7.2,50.5,727.0,235.0,8.0
726,2.0,7.0,2,20.19,2.89,68.54,23.73,7.2,43.5,257.7,244.0,9.0
799,2.0,4.0,2,10.24,3.07,220.39,19.52,7.0,51.1,358.1,271.0,9.0
353,7.0,0.0,3,24.51,4.02,202.12,24.37,9.2,52.8,526.7,219.0,8.0
1152,5.0,4.0,4,27.46,4.07,125.14,21.4,11.1,64.9,698.7,237.0,8.0
142,3.0,5.0,2,23.56,3.79,225.33,11.42,9.5,34.3,664.8,232.0,8.0
470,5.0,3.0,3,21.34,3.12,55.74,23.61,10.1,56.3,690.7,254.0,9.0
653,5.0,2.0,2,17.2,2.87,101.21,22.74,8.1,37.1,687.4,273.0,9.0
399,0.0,3.0,3,24.14,3.69,223.01,11.9,11.2,64.3,349.9,215.0,8.0
1153,5.0,4.0,4,29.75,4.03,229.3,20.24,11.8,42.3,502.2,238.0,8.0
937,5.0,0.0,3,26.5,3.62,98.07,18.53,7.3,60.7,551.2,246.0,9.0
320,7.0,5.0,2,14.94,4.07,214.53,18.71,7.7,54.7,347.6,228.0,8.0
19,2.0,3.0,2,10.68,3.73,285.13,13.45,11.1,33.6,648.6,226.0,8.0
684,0.0,2.0,2,12.65,3.27,253.22,21.63,6.9,57.8,256.2,263.0,9.0
35,5.0,6.0,3,23.93,3.29,132.9,24.83,8.3,39.4,701.7,218.0,8.0
824,7.0,3.0,2,22.88,3.25,112.72,18.17,7.0,38.6,471.0,272.0,9.0
505,0.0,1.0,2,17.98,2.95,236.79,14.28,7.1,62.3,767.8,251.0,9.0
827,1.0,5.0,2,29.37,2.93,194.64,12.51,6.4,38.5,401.6,245.0,9.0
1070,4.146510954425445,1.8879065726552666,1,12.940688350541615,3.8963814303698765,128.72264240992672,12.92709815663138,7.229302190885089,62.22153460085869,530.5120934273447,263.0688350541614,9.0
407,7.0,3.0,2,26.11,3.11,349.29,12.14,8.7,42.6,782.4,253.0,9.0
817,2.0,2.0,3,25.38,2.82,297.07,22.29,9.5,67.3,764.3,246.0,9.0
537,4.0,0.0,3,23.62,3.0,156.6,19.23,11.3,65.5,410.6,230.0,8.0
758,0.0,2.0,2,12.19,3.79,178.99,16.91,8.6,70.0,735.1,218.0,8.0
1068,6.2887032966624,2.8451868133503977,1,12.039456703225952,3.73661098899872,141.19540747141755,11.932928351706016,7.0866109889987206,55.13807472534016,464.8594109893709,218.8451868133504,8.0
892,0.0,3.0,3,26.0,3.88,253.23,19.15,9.0,67.2,681.0,235.0,8.0
38,0.0,4.0,2,11.31,3.12,70.25,19.89,10.4,35.1,522.6,240.0,8.0
175,6.0,2.0,3,20.8,3.97,105.69,24.93,10.9,51.1,485.6,272.0,9.0
245,6.0,5.0,3,22.52,3.53,101.51,24.02,9.5,54.3,228.2,251.0,9.0
810,2.0,6.0,2,23.21,3.15,257.6,12.53,7.0,61.0,333.9,251.0,9.0
1084,0.9379339591921083,3.156322326532018,1,12.417424780406702,3.6668735534693595,68.57399145439366,11.445701666123938,6.3250578612256145,44.12598364083544,449.851504391866,257.9654953060592,8.843677673467981
1077,3.4224277375390115,1.0,1,12.60200928333303,3.7673271678738294,291.5456533510499,12.438589563279095,7.084485547507803,41.90321400934461,288.437871862158,233.46543357476594,8.0
784,1.0,1.0,2,23.19,4.0,290.29,16.26,6.1,59.2,766.9,235.0,8.0
1184,5.0948500291955945,5.523712507298899,4,29.16756762886842,3.117669496204573,110.32244710405685,21.29930164171448,10.919173740511432,33.80948500291956,621.6366270769652,236.00203734672314,8.476287492701102
489,5.0,4.0,3,18.97,3.33,177.0,18.46,11.5,58.6,684.5,238.0,8.0
154,5.0,5.0,3,22.37,2.94,182.76,13.82,10.1,37.5,362.2,262.0,9.0
638,1.0,4.0,3,29.85,4.13,137.44,21.28,6.1,33.4,233.8,246.0,9.0
662,5.0,7.0,3,28.39,3.1,65.07,16.91,10.9,43.9,666.7,257.0,9.0
853,2.0,4.0,3,26.93,4.09,331.54,15.14,11.2,61.3,377.5,262.0,9.0
287,5.0,0.0,2,17.01,3.26,291.06,18.65,6.3,47.3,370.1,239.0,8.0
625,1.0,2.0,3,23.8,4.15,128.97,20.24,11.1,36.9,590.4,265.0,9.0
1199,3.168722587719068,4.831277412280932,4,28.626792763158257,3.429649808113981,68.0842893366213,20.252693941885756,11.616872258771906,35.2113007127171,551.0377672697522,247.9279742324549,9.0
685,6.0,4.0,3,27.24,2.83,219.73,15.9,10.6,30.6,660.9,261.0,9.0
872,1.0,1.0,2,20.12,4.05,97.04,12.95,9.8,54.8,764.1,263.0,9.0
569,4.0,0.0,3,19.04,4.1,308.66,22.89,11.8,46.8,222.6,235.0,8.0
1143,4.366716184037692,3.0,4,26.137304613258138,3.809337294723015,62.61669803207877,22.682606255474017,11.8,45.16392259004853,421.6438928796259,255.46686473615077,9.0
734,1.0,4.0,2,12.61,4.12,124.0,16.46,10.1,36.4,252.5,223.0,8.0
792,5.0,2.0,3,20.24,3.6,228.45,10.9,11.8,45.9,457.3,249.0,9.0
17,7.0,1.0,3,21.36,4.06,171.36,23.44,7.9,51.9,247.1,254.0,9.0
127,0.0,6.0,2,18.17,3.03,74.34,24.19,7.5,42.0,366.9,256.0,9.0
322,3.0,3.0,3,27.44,3.65,279.95,20.08,8.4,51.8,489.4,223.0,8.0
255,2.0,6.0,3,18.61,3.6,92.85,19.87,8.9,52.0,531.4,231.0,8.0
943,5.0,0.0,3,24.15,3.8,167.93,15.45,11.3,31.9,298.4,221.0,8.0
1179,5.0,0.0,4,27.23,3.07,233.84,21.63,11.1,66.3,674.2,233.0,8.0
190,4.0,1.0,2,11.35,3.16,142.34,21.3,8.0,57.9,535.9,239.0,8.0
115,3.0,2.0,3,21.6,3.01,313.24,15.11,9.8,58.1,744.9,252.0,9.0
1173,1.8569011884900855,2.6572395246039657,4,27.47796954974975,3.839734102543813,176.98365012572893,20.95605274570444,11.540101500834165,67.03993233277723,690.7916847402006,249.22794309007423,9.0
888,3.0,2.0,3,24.53,3.94,238.95,10.38,10.8,36.0,390.0,237.0,8.0
606,4.0,6.0,3,11.35,2.87,297.71,22.69,11.2,35.2,312.7,270.0,9.0
180,5.0,0.0,3,29.26,3.23,83.13,16.04,8.3,53.7,340.2,225.0,8.0
301,0.0,7.0,3,28.72,3.6,349.15,24.09,6.1,47.7,458.2,222.0,8.0
496,2.0,5.0,3,22.39,3.61,308.9,17.32,9.5,44.9,243.5,232.0,8.0
348,7.0,5.0,3,29.75,3.63,144.15,22.39,8.7,53.9,624.0,248.0,9.0
1035,5.572490032317132,3.427509967682868,1,14.765315784614346,3.5560221093719684,129.42667587192972,12.774312704074656,6.478438745960358,61.82713845637187,765.1338347253044,223.43122508079284,8.0
982,3.0,7.0,3,19.16,3.79,117.3,19.95,11.8,67.4,613.0,228.0,8.0
744,2.0,0.0,2,18.32,3.67,52.06,13.49,7.0,49.1,478.0,232.0,8.0
1151,6.0,1.0,4,27.96,3.47,165.68,23.45,10.6,59.1,343.5,260.0,9.0
517,6.0,1.0,4,27.96,3.47,165.68,23.45,10.6,59.1,343.5,260.0,9.0
372,1.0,5.0,2,27.09,3.77,129.39,10.77,8.6,67.4,259.7,224.0,8.0
45,3.0,1.0,3,22.32,3.81,261.37,16.41,9.6,60.4,429.8,271.0,9.0
476,0.0,2.0,3,26.16,2.98,338.28,16.28,8.0,50.7,600.4,234.0,8.0
157,1.0,4.0,4,27.62,3.29,69.2,22.77,10.5,58.9,477.1,222.0,8.0
1046,6.924815111464594,0.03759244426770303,1,14.214741156050431,3.2030813509555784,137.0669108264522,12.838500400477201,6.663907155255095,51.13461373646165,656.6699465358255,246.05258843949568,9.0
171,5.0,1.0,3,29.62,2.9,128.07,24.81,9.4,55.0,732.1,264.0,9.0
16,3.0,6.0,2,13.61,3.29,269.81,23.29,6.2,35.3,344.8,246.0,9.0
511,1.0,2.0,3,24.36,4.04,70.1,17.07,11.6,61.3,797.3,236.0,8.0
48,6.0,3.0,3,27.4,3.56,169.28,22.76,8.0,62.6,323.1,258.0,9.0
191,2.0,1.0,3,21.64,4.07,324.14,23.09,10.2,55.7,491.8,271.0,9.0
546,5.0,5.0,2,26.12,2.91,74.82,10.21,6.7,52.4,667.7,216.0,8.0
515,2.0,0.0,2,10.15,4.1,331.39,16.11,10.7,39.3,692.3,234.0,8.0
977,7.0,1.0,2,18.59,2.82,214.96,13.09,6.9,63.1,654.5,220.0,8.0
938,6.0,6.0,2,19.97,4.13,101.28,21.43,7.4,49.9,415.6,227.0,8.0
828,4.0,0.0,3,25.97,3.4,302.27,14.65,8.2,57.0,536.4,215.0,8.0
983,5.0,1.0,2,19.66,3.94,117.82,22.59,6.3,63.4,331.8,228.0,8.0
480,3.0,1.0,3,26.36,3.19,96.11,12.42,10.9,53.7,405.8,241.0,8.0
1128,2.6933474942552915,1.7299893793085315,4,27.310732837701064,3.554397026206389,199.75344259635756,20.76500531034573,11.561330501148941,66.58833156321809,684.2916047126331,241.07328377010649,8.576663126436177
283,4.0,4.0,2,10.2,2.86,314.77,10.88,11.3,58.5,573.5,267.0,9.0
1029,5.2930239382002116,2.2930239382002116,1,12.179442942047336,3.8211163166010116,262.14571186131917,13.110185196940737,7.329302393820021,35.432559845500535,389.7902496519153,257.15350270220443,8.646511969100105
797,4.0,6.0,3,11.44,3.67,80.98,21.75,11.9,42.5,298.7,237.0,8.0
939,1.0,2.0,2,11.54,2.86,175.44,22.18,7.7,42.4,485.2,223.0,8.0
225,1.0,0.0,3,22.77,3.46,317.26,20.95,6.3,55.1,783.2,226.0,8.0
26,6.0,6.0,3,27.24,3.82,333.33,15.95,7.6,65.0,224.0,242.0,8.0
282,6.0,4.0,2,21.19,3.46,306.49,13.13,7.1,60.5,284.3,258.0,9.0
1149,0.0,1.8817698027947496,4,29.875270792111788,3.3413805690218377,216.84019096672313,22.166651361133628,11.1108316844716,41.27497646258544,394.92471037795656,236.00991335248926,8.11823019720525
437,7.0,3.0,3,24.09,3.28,229.06,21.74,11.0,34.6,336.5,253.0,9.0
1167,4.326304484768023,6.326304484768023,4,27.026561819104526,3.408020012598658,306.99030752069035,23.926057889901898,11.194317372132476,67.06315224238402,555.1204070674929,232.8652608969536,8.0
364,4.0,5.0,3,24.66,3.61,331.72,13.4,9.1,48.2,488.1,272.0,9.0
229,5.0,1.0,2,18.19,3.22,116.71,12.85,9.6,45.6,454.0,235.0,8.0
37,0.0,2.0,4,24.5,3.01,344.11,21.91,11.8,64.9,469.2,232.0,8.0
669,4.0,7.0,3,26.35,3.24,184.71,20.46,10.5,35.2,405.4,267.0,9.0
749,1.0,2.0,3,12.74,3.69,315.38,22.04,10.1,46.3,597.4,233.0,8.0
1180,5.0,0.0,4,27.23,3.07,233.84,21.63,11.1,66.3,674.2,233.0,8.0
374,0.0,1.0,2,14.94,3.74,294.48,17.68,8.9,38.4,272.6,241.0,8.0
469,3.0,4.0,3,25.65,3.56,100.92,23.19,8.2,60.7,400.5,242.0,8.0
882,2.0,4.0,3,22.73,3.09,337.44,22.01,8.2,42.9,529.8,268.0,9.0
1181,1.2821354580941526,2.9616015935706144,4,25.157094422273254,3.1061601593570614,336.80182788886333,21.547796733088404,11.639733067738232,55.89299840688858,499.0417027871414,226.8714581676234,8.0
687,5.0,4.0,2,19.74,3.38,166.2,10.16,11.5,44.1,387.0,218.0,8.0
32,3.0,4.0,2,14.6,3.45,275.28,11.22,9.4,61.6,551.5,260.0,9.0
1010,3.0,6.0,1,14.0,2.81,69.97,14.44,6.8,65.3,787.0,217.0,8.0
1175,3.4084747854292883,1.5183050429141423,4,26.437206740339295,3.209806814381262,237.65730562416968,24.05337281651692,11.310983025748484,49.74295031127825,282.2724093564888,248.19457811177773,8.481694957085857
194,4.0,6.0,2,10.91,2.96,156.33,19.29,7.2,57.7,687.6,256.0,9.0
1105,1.4714453503512077,2.9428907007024154,4,26.13568743943807,3.229586361812575,231.30289138581463,23.861823752801097,11.741433605105362,34.37278499348981,243.78397194843242,244.9149233133459,8.471445350351209
1113,2.4737311964416224,6.122885327402704,4,29.24507565957998,3.415440789167276,260.6271436813014,22.253686559822082,10.47542293451946,36.845592108327246,394.2789849571533,235.64915413096108,8.0
1063,2.132821367342911,1.4335893163285445,1,13.555829046832768,3.3767619358144536,276.9881308413195,10.592228380305297,7.39023038469569,56.63117196738238,268.8282003909595,235.56641068367145,8.0
503,7.0,1.0,2,16.82,4.14,59.01,10.1,9.0,30.4,277.9,242.0,8.0
915,6.0,6.0,3,24.44,3.73,168.55,23.75,6.5,36.9,346.9,236.0,8.0
976,7.0,2.0,1,15.19,3.97,162.42,11.85,6.3,59.9,753.0,227.0,8.0
1182,5.912160008584403,5.956080004292201,4,26.865506401416425,3.31,308.0204879403384,24.078476014808096,11.778040002146101,42.91891202747009,600.0651601695419,222.6925600300454,8.0
1087,7.0,3.0,1,14.27,4.13,104.53,11.98,7.4,33.3,219.2,271.0,9.0
800,0.0,2.0,2,29.13,3.91,138.91,11.86,7.8,32.3,222.7,271.0,9.0
579,1.0,1.0,3,20.93,3.71,197.77,19.68,8.6,52.8,623.3,244.0,9.0
160,4.0,5.0,3,26.52,3.71,183.18,17.72,9.7,36.2,637.9,232.0,8.0
680,7.0,7.0,2,16.92,3.17,275.23,14.06,7.4,56.2,762.5,249.0,9.0
1197,1.0,4.4616383136546895,4,27.915678303764416,4.007442554243646,214.14551319155478,20.11051148915127,11.802557445756355,65.5332467948326,732.6745940594532,230.9219785497984,8.51278722878177
162,7.0,6.0,2,16.7,3.29,140.31,18.23,8.0,40.0,577.5,242.0,8.0
821,3.0,2.0,2,12.43,3.12,158.77,14.33,8.7,50.8,428.7,236.0,8.0
705,5.0,5.0,2,12.11,3.93,315.46,16.33,7.6,62.7,218.6,266.0,9.0
1008,6.83403501588127,5.7510525238219055,1,12.215520164842488,3.0398315961884954,89.45856247053374,10.083235097776623,7.64564037063265,43.76807003176254,470.9624749665193,239.41912255558444,8.0
877,1.0,6.0,3,20.17,3.09,313.8,20.44,10.0,37.6,432.2,225.0,8.0
895,3.0,2.0,2,24.66,4.03,297.34,11.21,7.5,65.8,709.3,223.0,8.0
913,1.0,0.0,2,17.37,4.15,343.51,12.93,8.5,38.6,229.6,270.0,9.0
1198,4.238213173589163,4.0,4,27.898027425186232,3.9328783712460496,114.87873144824601,21.84945422758239,11.061910658679459,62.95744359265237,667.0858467039503,240.42804071884876,8.380893413205419
152,0.0,7.0,3,23.95,3.8,261.64,20.68,11.5,32.0,777.4,229.0,8.0
978,7.0,1.0,3,27.45,3.79,65.17,10.01,9.2,60.8,639.0,253.0,9.0
1002,3.2359988409842786,1.7887990727874228,1,12.258640301344087,3.8766480950392888,144.22805255724984,13.909952658320929,6.778879907278742,58.52984122855666,503.33201506720434,238.24240764950378,8.552800231803145
509,1.0,7.0,3,25.3,4.05,68.72,24.12,8.8,57.3,758.3,236.0,8.0
111,4.0,4.0,3,14.49,3.08,122.61,17.5,11.2,45.1,751.0,214.0,8.0
226,5.0,2.0,2,17.95,3.22,122.46,15.47,9.5,34.9,715.6,272.0,9.0
985,1.0,0.0,1,11.61,4.15,329.12,12.3,6.1,42.1,669.2,273.0,9.0
851,1.0,4.0,3,26.32,3.14,84.91,15.72,11.8,67.3,618.8,243.0,8.0
103,3.0,4.0,3,28.56,3.77,180.21,12.62,8.0,66.2,568.0,241.0,8.0
421,1.0,4.0,3,20.14,2.83,237.12,24.35,7.9,48.6,614.0,247.0,9.0
419,6.0,4.0,3,28.68,3.34,54.31,12.66,7.9,50.2,628.5,249.0,9.0
624,5.0,0.0,2,13.51,3.33,124.9,24.18,6.3,62.7,508.1,232.0,8.0
586,6.0,4.0,3,23.9,2.9,186.2,15.9,8.6,48.8,450.5,213.0,8.0
1060,6.0,4.0,1,11.54,3.65,133.36,12.34,7.0,55.6,467.4,220.0,8.0
919,7.0,4.0,2,18.25,3.22,291.63,15.08,9.5,46.5,446.6,257.0,9.0
672,6.0,5.0,3,27.36,3.8,267.38,20.88,9.8,39.9,729.7,231.0,8.0
119,5.0,0.0,2,12.59,4.04,114.32,20.72,7.7,56.9,543.1,256.0,9.0
53,3.0,2.0,2,25.98,4.12,136.24,18.34,6.5,45.8,490.3,221.0,8.0
151,2.0,3.0,2,26.74,3.04,124.52,10.0,7.2,51.6,262.4,232.0,8.0
403,0.0,0.0,2,24.73,3.24,147.99,15.37,7.5,64.9,442.7,253.0,9.0
1188,5.0,6.0,4,29.6,3.47,164.3,21.95,12.0,67.3,320.3,254.0,9.0
207,3.0,0.0,2,18.92,4.0,274.51,18.12,8.6,43.5,444.0,216.0,8.0
1134,4.610834317083919,4.805417158541959,4,28.936193949209493,3.371724793412377,118.9556001756263,22.503485369938513,10.718103994510315,49.41011865480872,639.8222438983317,237.9458284145804,8.59729142072902
658,3.0,4.0,3,17.94,3.1,234.54,12.84,11.8,35.4,486.2,232.0,8.0
1096,2.0,3.9662954531268837,1,13.666289546561032,3.912924998439572,288.3303653463936,10.336403863905891,6.516852273436558,67.80114317344861,329.4280182124593,218.6852273436558,8.033704546873116
232,3.0,3.0,2,14.26,4.06,123.61,15.38,10.2,52.2,227.6,249.0,9.0
8,4.0,7.0,2,14.99,2.89,252.21,20.2,7.1,55.1,344.7,272.0,9.0
159,3.0,7.0,2,10.58,3.85,137.71,18.49,7.4,63.4,548.6,246.0,9.0
36,3.0,5.0,3,16.8,2.96,179.61,24.66,9.7,58.5,359.0,259.0,9.0
452,6.0,5.0,3,27.38,3.58,253.26,22.49,7.3,47.2,360.7,247.0,9.0
651,7.0,0.0,3,16.06,3.32,169.36,20.76,10.1,64.6,288.5,247.0,9.0
253,5.0,6.0,2,12.5,3.96,85.16,17.59,6.5,30.7,742.4,254.0,9.0
303,6.0,0.0,3,20.83,3.21,146.35,18.8,11.4,61.1,732.7,238.0,8.0
896,6.0,0.0,3,22.32,3.55,93.93,12.21,11.5,62.3,623.6,231.0,8.0
1048,0.42318688703066276,4.0376917907853604,1,11.062027542679129,3.757767083180851,324.1651753595934,13.961221765351691,6.388406556484668,57.44322880498437,726.8236299856368,271.8463737740613,9.0
880,5.0,0.0,2,23.78,3.26,200.73,13.06,7.2,60.7,232.4,252.0,9.0
571,2.0,5.0,2,13.36,4.07,211.41,20.12,6.4,30.2,525.4,271.0,9.0
623,1.0,7.0,3,29.15,4.07,312.22,20.35,10.6,51.6,614.4,247.0,9.0
1144,5.222791138750827,5.663253167495042,4,28.575134557324386,3.974097405361996,205.59258994786865,20.70643961757951,11.198975950248512,63.459025946380045,738.3952728175697,266.21767088999337,9.0
1030,6.0,4.0,1,11.54,3.65,133.36,12.34,7.0,55.6,467.4,220.0,8.0
1145,5.0,1.0,4,29.11,3.51,124.27,17.88,11.5,34.5,273.5,270.0,9.0
262,5.0,2.0,2,16.21,4.05,175.78,16.22,9.3,36.3,602.0,218.0,8.0
610,5.0,3.0,2,27.6,3.98,221.38,15.09,6.5,64.8,387.9,247.0,9.0
297,4.0,4.0,2,12.09,2.85,72.23,12.27,9.6,33.3,492.5,269.0,9.0
989,7.0,3.0,3,24.59,4.01,311.21,21.55,10.9,31.2,703.2,273.0,9.0
414,2.0,6.0,2,20.62,3.51,285.12,16.16,6.3,38.0,491.2,216.0,8.0
150,2.0,3.0,2,24.17,3.27,239.07,11.77,7.9,53.2,662.0,230.0,8.0
945,4.0,5.0,3,20.35,2.94,54.98,24.11,8.0,60.5,284.5,233.0,8.0
472,2.0,4.0,2,27.57,4.07,232.91,13.12,6.4,55.9,722.5,273.0,9.0
952,5.0,1.0,3,21.96,3.8,342.41,16.03,10.7,47.9,561.8,270.0,9.0
987,3.0,7.0,3,19.93,3.51,185.02,19.0,11.6,48.8,472.0,245.0,9.0
778,7.0,5.0,2,15.09,3.42,247.11,13.62,10.9,69.6,738.4,255.0,9.0
640,6.0,7.0,3,20.8,3.22,121.44,24.19,9.4,60.3,470.0,242.0,8.0
1189,1.618431445411149,3.236862890822298,4,25.90050968734216,3.360403986415923,219.0883468863335,23.569321423631813,11.785529433623346,33.74074478473206,241.0353319708115,250.50039492562365,8.618431445411149
1142,2.574933511181541,3.637599733227689,4,27.993895943977815,3.7005172870927994,247.05054969783856,20.69634940180489,11.463759973322768,65.02684009337031,735.7966888159889,221.4809341781123,8.0
550,0.0,3.0,3,29.03,3.29,291.14,23.99,7.6,43.4,767.4,269.0,9.0
639,7.0,6.0,3,28.54,3.78,112.26,22.18,6.3,48.0,214.3,229.0,8.0
935,0.0,5.0,3,26.1,3.03,213.94,15.27,10.4,49.0,273.1,269.0,9.0
928,6.0,5.0,3,22.85,3.86,256.41,21.16,9.7,57.9,663.5,216.0,8.0
488,0.0,4.0,3,17.77,3.62,59.52,21.7,9.7,47.0,559.6,223.0,8.0
819,0.0,1.0,2,17.64,3.3,193.21,12.99,9.0,58.4,540.1,220.0,8.0
710,4.0,3.0,2,13.04,3.88,53.09,16.28,7.0,33.9,220.1,239.0,8.0
1080,3.0,1.0,1,14.41,3.78,300.48,10.77,7.0,49.0,238.0,236.0,8.0
147,2.0,6.0,3,23.17,3.3,249.94,16.03,11.4,49.5,331.4,213.0,8.0
146,2.0,2.0,3,25.95,3.44,318.6,11.55,9.9,50.5,652.3,232.0,8.0
1174,4.0009208836800525,4.998158232639895,4,26.554277106311158,3.7750782751128042,97.25416080070309,21.840064461857605,11.100644618576037,41.51031389721659,413.21436578540886,237.01933855728112,8.500460441840026
962,6.0,6.0,3,26.8,3.27,58.6,14.38,8.4,68.1,277.4,254.0,9.0
345,4.0,1.0,2,18.51,3.74,264.92,15.3,9.2,32.9,360.7,249.0,9.0
402,2.0,4.0,2,10.73,3.37,349.67,13.69,11.7,38.1,543.4,216.0,8.0
931,3.0,7.0,2,21.23,3.73,104.35,15.13,8.0,33.7,661.6,216.0,8.0
954,2.0,1.0,3,29.97,4.09,119.44,16.76,6.3,62.8,736.3,242.0,8.0
1124,4.532370172861037,6.883092543215259,4,28.710773135803812,4.11,215.92615925704195,19.560144474070842,11.611690745678473,62.345505659247955,755.9304177776567,261.686997333624,8.883092543215259
659,1.0,5.0,3,18.94,3.72,323.18,20.81,9.8,41.8,585.4,222.0,8.0
463,0.0,1.0,2,23.16,3.6,229.79,12.03,7.9,40.7,421.0,243.0,8.0
186,1.0,5.0,3,23.76,4.02,157.07,11.92,10.1,61.5,555.5,235.0,8.0
608,3.0,0.0,2,14.67,3.79,328.14,24.34,8.7,67.5,401.9,244.0,9.0
143,7.0,2.0,3,21.31,3.24,211.5,22.47,10.6,65.0,358.9,259.0,9.0
751,5.0,5.0,2,14.3,3.74,322.75,16.66,10.8,52.3,612.9,267.0,9.0
981,7.0,7.0,2,26.05,3.13,291.69,13.64,6.1,51.5,326.6,228.0,8.0
197,3.0,1.0,2,29.38,4.01,312.9,14.27,6.4,63.7,659.7,233.0,8.0
883,7.0,3.0,3,25.22,2.9,116.13,12.7,12.0,48.6,732.7,256.0,9.0
279,1.0,7.0,2,19.98,2.9,287.47,15.88,8.1,37.8,563.6,250.0,9.0
293,1.0,4.0,3,23.79,3.52,212.53,23.62,6.1,42.8,495.7,229.0,8.0
1088,0.0,3.0,1,12.58,3.67,56.57,11.28,6.2,42.0,446.6,265.0,9.0
400,7.0,1.0,2,13.34,3.28,70.18,11.85,7.5,57.4,239.4,268.0,9.0
122,1.0,1.0,3,27.24,4.15,68.76,20.47,6.3,30.2,520.4,267.0,9.0
202,4.0,7.0,2,10.44,3.39,108.16,11.88,9.9,66.8,511.0,214.0,8.0
835,3.0,6.0,2,23.13,4.09,140.99,11.31,9.6,36.3,473.4,240.0,8.0
246,0.0,0.0,2,12.62,2.89,200.03,13.76,10.8,36.7,601.1,223.0,8.0
1139,1.1408178316653803,2.8556133737490352,4,25.084669138728508,3.0955613373749036,337.60733835950737,21.58771896255453,11.657397771041829,56.88575473255071,495.7525350320117,227.43672867333848,8.0
384,5.0,4.0,3,23.13,3.25,60.1,23.17,9.9,48.4,612.5,269.0,9.0
854,4.0,5.0,3,28.38,2.94,248.53,19.42,8.4,30.8,497.4,263.0,9.0
219,4.0,1.0,2,15.47,2.96,269.72,13.78,6.4,36.1,747.4,250.0,9.0
641,6.0,4.0,3,26.84,2.95,322.53,14.69,10.9,61.8,399.6,217.0,8.0
1,3.0,2.0,3,20.84,3.15,289.0,22.08,8.8,36.9,312.1,259.0,9.0
112,7.0,5.0,2,14.48,3.06,264.22,11.04,9.6,66.9,444.8,218.0,8.0
698,1.0,4.0,3,29.26,3.88,329.96,12.08,11.9,62.4,406.4,228.0,8.0
951,3.0,1.0,1,14.41,3.78,300.48,10.77,7.0,49.0,238.0,236.0,8.0
1078,1.216487812054616,1.8917560939726918,1,12.653240494873796,2.9506668326053966,252.16465482855955,10.404380001471196,7.802580484575423,64.69490725391937,301.40385828145844,235.1082439060273,8.0
441,7.0,6.0,2,11.88,3.56,208.3,22.46,7.3,30.8,245.1,253.0,9.0
663,6.0,1.0,3,19.94,3.75,60.47,22.43,9.5,59.9,500.2,246.0,9.0
1196,6.0,1.0,4,27.485350755419756,3.510144463471961,174.337035475777,23.40277121944475,10.694457561110497,60.2807195138812,336.5809836486561,262.59758293053864,9.0
317,0.0,5.0,3,24.63,3.35,51.59,10.6,11.8,53.1,592.9,259.0,9.0
648,7.0,4.0,3,25.64,3.41,229.07,23.1,9.8,57.4,391.8,214.0,8.0
709,7.0,0.0,3,23.0,3.21,339.01,19.73,11.4,66.1,704.5,240.0,8.0
972,0.0,1.0,3,15.46,3.9,132.57,17.88,10.8,32.4,297.0,273.0,9.0
627,6.0,4.0,2,20.72,3.76,311.2,17.51,8.1,57.7,464.3,218.0,8.0
632,5.0,5.0,3,23.3,2.81,187.5,22.04,7.1,56.6,395.3,225.0,8.0
1171,6.0,1.0,4,27.96,3.47,165.68,23.45,10.6,59.1,343.5,260.0,9.0
1106,6.150894240341923,1.7544712017096158,4,28.21426982128553,3.4049366285845886,182.12489367335905,24.563710744724677,9.875447120170962,63.03941698030623,684.7703422043072,254.8695958283746,8.849105759658077
795,4.0,6.0,2,11.7,3.63,247.62,14.81,10.8,41.4,200.4,238.0,8.0
645,5.0,1.0,3,25.11,3.3,96.35,21.13,7.6,46.4,613.5,230.0,8.0
1012,5.291170796256102,2.2911707962561016,1,12.176505712065921,3.8210143937940857,262.1703401177564,13.112492358661154,7.32911707962561,35.42792699064026,389.74382844621533,257.11458672137815,8.64558539812805
556,7.0,6.0,3,22.22,3.53,132.09,19.95,6.7,44.7,313.2,240.0,8.0
681,5.0,6.0,3,29.51,3.97,87.65,13.73,9.0,39.3,517.9,260.0,9.0
577,6.0,6.0,3,22.84,3.64,196.82,13.15,11.9,40.8,628.6,258.0,9.0
524,1.0,3.0,3,19.72,3.93,100.25,22.15,9.2,32.7,412.9,234.0,8.0
1059,1.0,4.640463824259475,1,14.336340186040047,3.547525788118484,135.74857026119807,10.770605677004799,6.5096649353963265,40.99652131805394,238.99226718318718,236.24484599503558,8.271907235148104
540,4.0,2.0,2,24.18,3.72,113.15,12.58,6.6,37.5,315.1,223.0,8.0
748,0.0,2.0,3,25.21,3.94,170.72,15.88,11.9,69.7,381.6,228.0,8.0
1109,6.0,1.0,4,26.27336534619949,3.612650692112481,196.44220219319732,23.282175656338257,10.935648687323484,63.29560859154355,318.9137336535548,269.23033890139584,9.0
484,5.0,2.0,2,16.49,3.45,224.96,13.15,10.2,37.8,442.2,240.0,8.0
95,6.0,6.0,2,13.53,3.91,251.74,16.98,8.6,59.7,555.5,241.0,8.0
1020,3.0,6.0,1,14.0,2.81,69.97,14.44,6.8,65.3,787.0,217.0,8.0
563,4.0,6.0,2,15.5,2.9,175.58,10.74,7.7,53.1,632.4,252.0,9.0
742,1.0,6.0,3,25.39,3.07,277.11,10.53,11.0,52.8,641.6,253.0,9.0
863,1.0,0.0,2,20.9,3.61,126.6,15.02,8.5,33.1,576.4,223.0,8.0
891,4.0,0.0,2,18.03,3.77,209.39,10.84,9.5,66.0,502.1,247.0,9.0
1038,5.0,1.0,1,12.517901313583339,3.922530854104318,225.03003007159194,10.272777780373175,7.917592562312954,39.726852297395105,659.6163593324834,268.26543172387466,9.0
206,7.0,3.0,3,23.67,3.19,307.63,18.78,10.8,40.3,351.7,258.0,9.0
392,7.0,5.0,3,13.4,3.4,316.44,19.68,11.2,60.0,686.2,236.0,8.0
794,0.0,5.0,2,10.83,3.41,59.73,14.47,9.0,48.7,636.3,234.0,8.0
870,5.0,2.0,2,26.36,4.05,168.58,15.73,7.3,50.1,703.5,266.0,9.0
397,6.0,2.0,2,14.97,2.84,303.46,11.16,8.7,43.2,737.0,232.0,8.0
766,5.0,0.0,3,24.75,3.54,228.82,22.86,7.5,69.0,369.5,259.0,9.0
1099,2.0,3.149214363578603,1,12.797722219942818,3.303402916319738,309.88102754856135,11.061675647322401,7.010471381852838,48.942401744160705,259.02065637708756,220.4031425456856,8.0
1028,5.2708859985769365,3.729114001423063,1,14.675588584576639,3.468556939587312,122.45585264210945,12.969601315921434,6.516139250177883,62.23430390192113,767.697469012096,222.67721499644233,8.0
642,7.0,3.0,3,20.42,3.89,190.42,22.88,8.0,49.8,463.0,268.0,9.0
612,3.0,5.0,3,20.66,3.15,162.36,17.29,10.9,39.9,741.1,273.0,9.0
960,0.0,6.0,2,12.37,3.07,222.18,18.19,8.4,51.3,727.3,219.0,8.0
725,5.0,0.0,2,11.25,3.22,328.59,10.0,9.9,33.6,283.8,224.0,8.0
683,3.0,4.0,2,26.45,3.33,121.08,14.47,7.3,42.4,489.5,270.0,9.0
98,6.0,0.0,3,25.59,3.92,52.5,13.88,8.5,37.9,342.0,246.0,9.0
804,6.0,3.0,3,16.99,3.53,127.9,22.32,8.3,47.3,269.2,224.0,8.0
406,6.0,6.0,4,26.88,3.31,307.41,24.23,11.8,43.2,601.8,223.0,8.0
502,5.0,0.0,2,10.51,3.6,349.17,14.32,7.4,49.0,275.1,271.0,9.0
1071,7.0,1.7343870087794633,1,15.074458348819066,3.8637548035117852,158.54470645809235,11.994759080215193,6.33984194868308,58.82426738555682,740.2771377205363,229.39051692098482,8.132806495610268
1056,5.495275846849511,1.2476379234247554,1,12.428831178968853,4.030188966126019,217.05653400089426,10.638697056713855,7.80472415315049,40.48905842435869,670.3154077843807,261.6086555224613,8.752362076575245
929,0.0,1.0,3,11.3,3.35,86.12,23.79,11.4,55.5,301.3,269.0,9.0
779,2.0,5.0,2,26.82,3.09,319.52,13.5,7.4,32.2,510.9,226.0,8.0
200,4.0,3.0,3,25.17,4.17,216.01,22.75,7.8,58.1,421.4,214.0,8.0
134,4.0,1.0,3,23.67,3.81,110.08,18.9,11.8,30.7,491.9,233.0,8.0
1051,1.6260215662716888,0.0,1,12.141985953607067,3.850282775298984,182.19886520392345,14.572759080716462,6.412193530118493,54.82759080716462,528.5812684457427,257.38215096390184,9.0
40,2.0,3.0,3,20.79,3.99,103.81,22.99,10.6,53.7,670.4,222.0,8.0
1017,1.5663649161337698,0.8495473742006547,1,11.660972842452038,3.7931901028357253,325.0931454462889,12.639818949680262,6.2415912290334425,49.60433513877245,666.3398571735245,265.92043854832787,9.0
230,6.0,2.0,3,27.88,3.84,205.77,20.53,10.0,53.1,205.6,248.0,9.0
378,1.0,0.0,2,17.18,3.42,76.52,12.18,10.9,68.7,553.3,233.0,8.0
288,0.0,7.0,1,10.66,3.47,320.53,15.18,6.6,68.7,769.1,271.0,9.0
418,7.0,3.0,2,19.04,2.84,119.61,15.03,8.9,60.5,251.5,259.0,9.0
391,2.0,0.0,2,11.47,3.03,319.38,18.12,9.4,46.5,214.8,228.0,8.0
592,5.0,7.0,2,12.57,3.57,220.32,17.57,6.4,45.4,634.9,249.0,9.0
1086,2.617941699193295,1.294353359354636,1,12.419335158209742,3.9273287806661497,146.65825323877198,14.261009114858208,6.729435335935463,59.184981798855105,511.36675791048714,242.32158478532426,8.67641166016134
647,0.0,7.0,3,26.52,3.5,179.0,13.78,10.4,65.9,320.1,244.0,9.0
520,7.0,0.0,3,11.21,3.77,118.81,22.92,11.0,39.0,421.6,256.0,9.0
64,4.0,0.0,3,18.43,2.87,244.55,22.98,10.4,39.5,278.6,238.0,8.0
14,7.0,3.0,3,24.11,3.55,236.39,19.62,7.2,48.2,502.6,246.0,9.0
1064,7.0,0.0,1,13.27,3.95,160.5,10.93,7.3,54.0,458.6,216.0,8.0
492,0.0,2.0,2,14.55,3.87,314.29,18.51,9.4,46.4,402.1,237.0,8.0
379,0.0,6.0,2,21.86,3.92,259.68,17.59,7.4,65.6,253.5,232.0,8.0
187,4.0,4.0,2,11.36,3.87,156.14,18.68,8.2,41.9,428.0,240.0,8.0
763,1.0,2.0,2,19.76,3.43,136.38,13.73,7.0,41.4,628.0,258.0,9.0
216,3.0,0.0,1,11.65,3.96,99.59,10.62,8.7,36.1,539.4,226.0,8.0
791,7.0,0.0,3,24.75,4.17,70.17,24.3,10.0,42.1,331.6,265.0,9.0
1076,2.0,3.581835806381073,1,13.966168071022764,3.4900193870191805,259.019161878493,10.409451196787597,6.709082096809463,65.53283125764833,337.7323465821688,237.90820968094636,8.418164193618926
878,5.0,7.0,2,15.95,3.63,217.11,15.44,8.7,60.8,588.3,236.0,8.0
337,2.0,0.0,3,23.6,3.32,277.61,23.54,9.4,37.6,361.1,234.0,8.0
719,3.0,4.0,2,14.78,2.83,128.31,23.81,6.9,41.6,791.3,227.0,8.0
295,3.0,6.0,1,14.0,2.81,69.97,14.44,6.8,65.3,787.0,217.0,8.0
1016,2.8831826595338566,1.627727553177952,1,13.775981919144064,4.13,143.98969420836798,11.335031949993637,6.439409287224566,57.314767819385835,209.79993373926897,264.13863776588977,9.0
455,2.0,3.0,2,28.62,2.99,100.21,10.89,7.3,37.6,799.3,230.0,8.0
815,5.0,1.0,3,29.36,3.88,223.29,24.02,6.3,35.2,509.6,265.0,9.0
269,2.0,6.0,2,15.83,3.52,256.59,24.11,7.8,55.5,413.0,222.0,8.0
995,5.0,4.0,3,23.14,4.01,182.63,23.46,10.1,53.2,363.9,252.0,9.0
201,7.0,6.0,2,10.49,2.96,200.94,12.94,11.9,46.1,281.3,223.0,8.0
161,0.0,3.0,1,12.58,3.67,56.57,11.28,6.2,42.0,446.6,265.0,9.0
729,3.0,0.0,3,22.3,3.48,228.56,12.52,11.5,62.3,525.4,213.0,8.0
401,3.0,1.0,3,13.35,2.9,78.48,17.78,11.8,65.3,614.4,256.0,9.0
702,0.0,2.0,2,16.24,2.98,145.26,19.95,9.4,45.2,586.8,247.0,9.0
1129,2.0,4.0,4,25.29,3.7,187.38,22.81,11.9,32.1,233.9,265.0,9.0
565,1.0,1.0,2,18.47,3.21,267.5,23.46,6.1,44.2,736.5,266.0,9.0
1021,1.0,1.0,1,13.55,4.13,162.04,11.04,6.0,68.3,205.5,261.0,9.0
1025,2.0,3.507210461264468,1,14.024375840213715,3.4079315073909147,253.329725566803,10.423630012359752,6.746394769367766,65.09254172146036,339.3442540366875,241.63947693677662,8.492789538735533
1104,4.050184215690189,4.949815784309811,4,26.71058949020861,3.3461326352969367,316.6925503143457,20.7529005235273,11.325092107845096,37.07601318629604,559.2839286370196,217.10405274518416,8.0
205,5.0,0.0,3,25.41,4.09,301.37,17.18,8.3,67.9,310.1,272.0,9.0
34,6.0,4.0,1,11.54,3.65,133.36,12.34,7.0,55.6,467.4,220.0,8.0
775,5.0,5.0,3,16.31,3.41,329.47,22.41,8.3,41.5,215.4,265.0,9.0
508,7.0,5.0,2,22.16,3.99,304.22,18.77,7.5,64.2,564.0,250.0,9.0
1183,4.1129739510334336,5.584730463275076,4,25.82352592263594,3.4781377351414893,188.3783801918633,22.25006190297614,11.63587825612082,48.10577767907826,225.87069898607294,254.96337373259118,9.0
91,3.0,2.0,2,22.99,4.15,337.27,15.12,6.3,61.0,753.9,224.0,8.0
897,3.0,1.0,2,13.76,3.2,299.88,14.47,8.0,30.1,494.3,227.0,8.0
564,3.0,1.0,3,26.45,3.36,187.53,13.47,11.6,36.2,500.2,215.0,8.0
776,0.0,6.0,2,23.76,2.86,296.29,10.01,9.8,59.5,404.6,220.0,8.0
241,4.0,7.0,3,25.53,2.85,178.68,15.94,8.5,33.8,743.3,239.0,8.0
13,2.0,1.0,2,10.79,2.99,155.89,12.9,9.8,50.1,314.9,263.0,9.0
315,7.0,7.0,2,22.87,2.98,248.51,12.66,8.7,67.3,793.6,237.0,8.0
600,5.0,5.0,2,13.84,3.68,92.37,12.98,7.6,51.3,600.8,241.0,8.0
387,4.0,7.0,2,12.62,3.64,217.2,10.73,11.8,59.7,785.5,258.0,9.0
166,7.0,3.0,2,26.64,3.69,328.13,13.6,7.3,46.3,715.8,247.0,9.0
840,4.0,6.0,3,17.44,3.35,209.47,24.33,8.5,66.6,541.0,266.0,9.0
20,6.0,2.0,3,23.95,4.15,135.73,16.17,10.0,46.7,530.4,230.0,8.0
646,5.0,2.0,2,12.55,4.14,196.18,20.17,6.2,65.9,508.7,214.0,8.0
1154,5.067214416753705,0.4032865005222286,4,27.206474954136205,3.086131460020889,238.78496464057008,21.80475748355963,11.147050091727593,64.74734697298942,669.3336762270318,232.32785583246294,8.0
831,5.0,3.0,3,22.04,3.73,292.52,21.09,8.8,33.6,448.1,268.0,9.0
562,4.0,7.0,3,25.61,2.87,67.09,23.2,7.6,37.4,268.0,224.0,8.0
1170,0.361856362319517,2.603093937199195,4,25.05605261009766,3.0618660785991305,335.15887978408955,21.954628951352742,11.619071818840242,61.48648831545256,460.213900335732,232.48247514975935,8.0
686,6.0,7.0,3,28.46,2.97,328.74,12.09,9.0,44.9,648.3,222.0,8.0
957,0.0,1.0,2,18.42,4.01,175.89,19.52,8.2,57.1,698.9,218.0,8.0
189,6.0,5.0,3,24.16,3.73,286.79,20.51,7.7,35.8,563.0,269.0,9.0
975,1.0,4.0,3,28.81,2.84,321.27,16.7,11.7,47.4,292.2,230.0,8.0
699,2.0,5.0,3,20.99,3.88,129.65,24.74,7.8,41.8,366.4,257.0,9.0
510,0.0,2.0,2,26.26,2.89,150.58,12.62,6.8,32.1,702.2,273.0,9.0
1082,6.639909352002092,5.2798187040041835,1,11.987936546401464,3.2340589211986406,104.98641933222726,10.88100667743523,7.383945611201255,48.24104245197595,467.78394561120126,232.79818704004182,8.0
474,2.0,5.0,2,16.54,3.55,301.45,20.04,6.1,58.6,439.0,260.0,9.0
856,2.0,3.0,2,25.1,3.11,156.4,12.19,6.9,55.1,446.3,250.0,9.0
747,4.0,4.0,2,15.2,3.01,173.36,10.58,11.9,33.0,645.0,263.0,9.0
252,3.0,5.0,2,12.35,3.74,231.69,15.09,10.2,43.5,359.2,224.0,8.0
21,5.0,4.0,2,15.95,3.58,179.83,13.61,8.6,64.1,690.1,233.0,8.0
459,2.0,1.0,3,23.18,3.36,244.59,18.23,11.7,43.9,354.3,236.0,8.0
276,0.0,4.0,2,14.84,3.84,303.0,16.02,7.0,40.2,380.9,258.0,9.0
955,2.0,4.0,3,28.66,3.77,310.52,21.23,9.7,44.4,517.9,252.0,9.0
385,7.0,7.0,2,16.5,3.62,313.76,18.37,9.1,55.1,395.3,218.0,8.0
805,3.0,1.0,2,25.49,4.17,340.92,18.17,6.5,62.0,264.2,216.0,8.0
343,1.0,4.0,3,24.54,3.3,96.94,22.4,7.0,63.0,493.6,254.0,9.0
769,0.0,3.0,3,17.89,3.75,84.97,15.18,11.5,43.1,631.4,222.0,8.0
130,3.0,6.0,3,24.47,3.03,291.53,14.08,9.4,45.0,369.6,214.0,8.0
871,7.0,3.0,1,14.27,4.13,104.53,11.98,7.4,33.3,219.2,271.0,9.0
1123,3.7245689633414614,2.706573277493904,4,25.574553878951342,3.6741314655498782,193.82988792289706,22.99970258596756,11.511971983248172,45.896551706731685,268.52072193907986,267.5868534450122,9.0
87,0.0,5.0,2,13.34,3.72,54.62,19.09,6.4,38.2,571.2,269.0,9.0
330,0.0,0.0,2,21.11,3.16,236.14,14.21,7.6,31.5,329.1,264.0,9.0
466,7.0,6.0,3,29.54,3.35,186.55,12.0,10.7,51.5,702.0,213.0,8.0
121,5.0,1.0,4,29.11,3.51,124.27,17.88,11.5,34.5,273.5,270.0,9.0
1044,6.0,3.5855558319311966,1,12.145088485380452,3.7121666252103203,125.50628301509619,12.033311315629085,7.248666500841281,58.66688684370914,493.09553842026577,240.30776423537137,8.414444168068803
1095,7.0,0.0,1,13.27,3.95,160.5,10.93,7.3,54.0,458.6,216.0,8.0
1130,2.562766178146254,6.125532356292508,4,29.216393563317745,3.4706063675297623,261.949631672626,22.303319137165534,10.212553235629251,40.841168071981336,397.5857432242347,238.18616910926872,8.145744607284582
860,3.0,0.0,3,25.53,4.01,294.4,19.38,8.7,32.9,233.2,273.0,9.0
1126,0.0,2.0,4,29.88,3.3,217.04,22.13,11.3,38.0,392.3,234.0,8.0
